{"v":"5.10.2","fr":60,"ip":0,"op":120,"w":430,"h":430,"nm":"wired-lineal-2096-siren","ddd":0,"assets":[{"id":"comp_0","nm":"hover-pinch","fr":60,"layers":[{"ddd":0,"ind":1,"ty":4,"nm":"outline 8","sr":1,"ks":{"o":{"a":0,"k":100,"ix":11},"r":{"a":0,"k":0,"ix":10},"p":{"a":0,"k":[215,215,0],"ix":2,"l":2},"a":{"a":0,"k":[250,250,0],"ix":1,"l":2},"s":{"a":0,"k":[100,100,100],"ix":6,"l":2}},"ao":0,"shapes":[{"ty":"gr","it":[{"ind":0,"ty":"sh","ix":1,"ks":{"a":1,"k":[{"i":{"x":0.833,"y":0.833},"o":{"x":0.167,"y":0.167},"t":83,"s":[{"i":[[24.448,0],[0,0],[-2.642,-21.189],[0,0],[0,0],[0,0]],"o":[[0,0],[31.223,-1.083],[14.065,112.816],[0,0],[0,0],[-2.824,-24.285]],"v":[[30.723,-103.484],[28.777,-103.469],[78.435,-59.867],[97.324,103.469],[97.676,103.484],[78.565,-60.883]],"c":true}]},{"i":{"x":0.833,"y":0.833},"o":{"x":0.167,"y":0.167},"t":90.174,"s":[{"i":[[24.448,0],[0,0],[1.104,-21.325],[0,0],[0,0],[0,0]],"o":[[0,0],[-24.448,0],[-6.435,124.316],[0,0],[0,0],[-2.824,-24.285]],"v":[[30.723,-103.484],[28.777,-103.469],[-19.065,-60.867],[97.324,103.469],[97.676,103.484],[78.565,-60.883]],"c":true}]},{"i":{"x":0.833,"y":0.833},"o":{"x":0.167,"y":0.167},"t":97.348,"s":[{"i":[[24.448,0],[0,0],[2.824,-24.285],[0,0],[0,0],[0,0]],"o":[[0,0],[-24.448,0],[0,0],[0,0],[0,0],[-2.824,-24.285]],"v":[[30.723,-103.484],[-30.723,-103.484],[-78.565,-60.883],[-97.676,103.484],[97.676,103.484],[78.565,-60.883]],"c":true}]},{"i":{"x":0.833,"y":0.833},"o":{"x":0.167,"y":0.167},"t":105.826,"s":[{"i":[[24.448,0],[0,0],[2.824,-24.285],[0,0],[0,0],[3.435,102.316]],"o":[[0,0],[-24.448,0],[0,0],[0,0],[0,0],[-0.717,-21.341]],"v":[[-29.777,-103.469],[-30.723,-103.484],[-78.565,-60.883],[-97.676,103.484],[-96.824,103.469],[18.065,-60.867]],"c":true}]},{"t":113,"s":[{"i":[[-29.223,-0.583],[0,0],[2.824,-24.285],[0,0],[0,0],[-12.065,100.816]],"o":[[0,0],[-24.448,0],[0,0],[0,0],[0,0],[2.537,-21.202]],"v":[[-29.777,-103.469],[-30.723,-103.484],[-78.565,-60.883],[-97.676,103.484],[-96.824,103.469],[-77.935,-60.367]],"c":true}]}],"ix":2},"nm":"Path 1","mn":"ADBE Vector Shape - Group","hd":false},{"ty":"st","c":{"a":0,"k":[0.071,0.075,0.192,1],"ix":3,"x":"var $bm_rt;\n$bm_rt = comp('wired-lineal-2096-siren').layer('control').effect('primary')('Color');"},"o":{"a":0,"k":100,"ix":4},"w":{"a":0,"k":7,"ix":5,"x":"var $bm_rt;\n$bm_rt = $bm_mul($bm_div(value, 2), comp('wired-lineal-2096-siren').layer('control').effect('stroke')('Menu'));"},"lc":2,"lj":2,"bm":0,"nm":".primary","mn":"ADBE Vector Graphic - Stroke","hd":false,"cl":"primary"},{"ty":"tr","p":{"a":0,"k":[250,220.052],"ix":2},"a":{"a":0,"k":[0,0],"ix":1},"s":{"a":0,"k":[100,100],"ix":3},"r":{"a":0,"k":0,"ix":6},"o":{"a":0,"k":100,"ix":7},"sk":{"a":0,"k":0,"ix":4},"sa":{"a":0,"k":0,"ix":5},"nm":"Transform"}],"nm":"Group 5","np":2,"cix":2,"bm":0,"ix":1,"mn":"ADBE Vector Group","hd":false}],"ip":83,"op":113,"st":83,"ct":1,"bm":0},{"ddd":0,"ind":2,"ty":4,"nm":"outline 7","sr":1,"ks":{"o":{"a":0,"k":100,"ix":11},"r":{"a":0,"k":0,"ix":10},"p":{"a":0,"k":[215,215,0],"ix":2,"l":2},"a":{"a":0,"k":[250,250,0],"ix":1,"l":2},"s":{"a":0,"k":[100,100,100],"ix":6,"l":2}},"ao":0,"shapes":[{"ty":"gr","it":[{"ind":0,"ty":"sh","ix":1,"ks":{"a":1,"k":[{"i":{"x":0.833,"y":0.833},"o":{"x":0.167,"y":0.167},"t":38,"s":[{"i":[[24.448,0],[0,0],[-2.642,-21.189],[0,0],[0,0],[0,0]],"o":[[0,0],[31.223,-1.083],[14.065,112.816],[0,0],[0,0],[-2.824,-24.285]],"v":[[30.723,-103.484],[28.777,-103.469],[78.435,-59.867],[97.324,103.469],[97.676,103.484],[78.565,-60.883]],"c":true}]},{"i":{"x":0.833,"y":0.833},"o":{"x":0.167,"y":0.167},"t":45.174,"s":[{"i":[[24.448,0],[0,0],[1.104,-21.325],[0,0],[0,0],[0,0]],"o":[[0,0],[-24.448,0],[-6.435,124.316],[0,0],[0,0],[-2.824,-24.285]],"v":[[30.723,-103.484],[28.777,-103.469],[-19.065,-60.867],[97.324,103.469],[97.676,103.484],[78.565,-60.883]],"c":true}]},{"i":{"x":0.833,"y":0.833},"o":{"x":0.167,"y":0.167},"t":52.348,"s":[{"i":[[24.448,0],[0,0],[2.824,-24.285],[0,0],[0,0],[0,0]],"o":[[0,0],[-24.448,0],[0,0],[0,0],[0,0],[-2.824,-24.285]],"v":[[30.723,-103.484],[-30.723,-103.484],[-78.565,-60.883],[-97.676,103.484],[97.676,103.484],[78.565,-60.883]],"c":true}]},{"i":{"x":0.833,"y":0.833},"o":{"x":0.167,"y":0.167},"t":60.826,"s":[{"i":[[24.448,0],[0,0],[2.824,-24.285],[0,0],[0,0],[3.435,102.316]],"o":[[0,0],[-24.448,0],[0,0],[0,0],[0,0],[-0.717,-21.341]],"v":[[-29.777,-103.469],[-30.723,-103.484],[-78.565,-60.883],[-97.676,103.484],[-96.824,103.469],[18.065,-60.867]],"c":true}]},{"t":68,"s":[{"i":[[-29.223,-0.583],[0,0],[2.824,-24.285],[0,0],[0,0],[-12.065,100.816]],"o":[[0,0],[-24.448,0],[0,0],[0,0],[0,0],[2.537,-21.202]],"v":[[-29.777,-103.469],[-30.723,-103.484],[-78.565,-60.883],[-97.676,103.484],[-96.824,103.469],[-77.935,-60.367]],"c":true}]}],"ix":2},"nm":"Path 1","mn":"ADBE Vector Shape - Group","hd":false},{"ty":"st","c":{"a":0,"k":[0.071,0.075,0.192,1],"ix":3,"x":"var $bm_rt;\n$bm_rt = comp('wired-lineal-2096-siren').layer('control').effect('primary')('Color');"},"o":{"a":0,"k":100,"ix":4},"w":{"a":0,"k":7,"ix":5,"x":"var $bm_rt;\n$bm_rt = $bm_mul($bm_div(value, 2), comp('wired-lineal-2096-siren').layer('control').effect('stroke')('Menu'));"},"lc":2,"lj":2,"bm":0,"nm":".primary","mn":"ADBE Vector Graphic - Stroke","hd":false,"cl":"primary"},{"ty":"tr","p":{"a":0,"k":[250,220.052],"ix":2},"a":{"a":0,"k":[0,0],"ix":1},"s":{"a":0,"k":[100,100],"ix":3},"r":{"a":0,"k":0,"ix":6},"o":{"a":0,"k":100,"ix":7},"sk":{"a":0,"k":0,"ix":4},"sa":{"a":0,"k":0,"ix":5},"nm":"Transform"}],"nm":"Group 5","np":2,"cix":2,"bm":0,"ix":1,"mn":"ADBE Vector Group","hd":false}],"ip":38,"op":68,"st":38,"ct":1,"bm":0},{"ddd":0,"ind":3,"ty":4,"nm":"outline 2","sr":1,"ks":{"o":{"a":0,"k":100,"ix":11},"r":{"a":0,"k":0,"ix":10},"p":{"a":0,"k":[215,215,0],"ix":2,"l":2},"a":{"a":0,"k":[250,250,0],"ix":1,"l":2},"s":{"a":0,"k":[100,100,100],"ix":6,"l":2}},"ao":0,"shapes":[{"ty":"gr","it":[{"ind":0,"ty":"sh","ix":1,"ks":{"a":1,"k":[{"i":{"x":0.833,"y":0.833},"o":{"x":0.167,"y":0.167},"t":0,"s":[{"i":[[24.448,0],[0,0],[-2.642,-21.189],[0,0],[0,0],[0,0]],"o":[[0,0],[31.223,-1.083],[14.065,112.816],[0,0],[0,0],[-2.824,-24.285]],"v":[[30.723,-103.484],[28.777,-103.469],[78.435,-59.867],[97.324,103.469],[97.676,103.484],[78.565,-60.883]],"c":true}]},{"i":{"x":0.833,"y":0.833},"o":{"x":0.167,"y":0.167},"t":7.174,"s":[{"i":[[24.448,0],[0,0],[1.104,-21.325],[0,0],[0,0],[0,0]],"o":[[0,0],[-24.448,0],[-6.435,124.316],[0,0],[0,0],[-2.824,-24.285]],"v":[[30.723,-103.484],[28.777,-103.469],[-19.065,-60.867],[97.324,103.469],[97.676,103.484],[78.565,-60.883]],"c":true}]},{"i":{"x":0.833,"y":0.833},"o":{"x":0.167,"y":0.167},"t":14.348,"s":[{"i":[[24.448,0],[0,0],[2.824,-24.285],[0,0],[0,0],[0,0]],"o":[[0,0],[-24.448,0],[0,0],[0,0],[0,0],[-2.824,-24.285]],"v":[[30.723,-103.484],[-30.723,-103.484],[-78.565,-60.883],[-97.676,103.484],[97.676,103.484],[78.565,-60.883]],"c":true}]},{"i":{"x":0.833,"y":0.833},"o":{"x":0.167,"y":0.167},"t":22.826,"s":[{"i":[[24.448,0],[0,0],[2.824,-24.285],[0,0],[0,0],[3.435,102.316]],"o":[[0,0],[-24.448,0],[0,0],[0,0],[0,0],[-0.717,-21.341]],"v":[[-29.777,-103.469],[-30.723,-103.484],[-78.565,-60.883],[-97.676,103.484],[-96.824,103.469],[18.065,-60.867]],"c":true}]},{"t":30,"s":[{"i":[[-29.223,-0.583],[0,0],[2.824,-24.285],[0,0],[0,0],[-12.065,100.816]],"o":[[0,0],[-24.448,0],[0,0],[0,0],[0,0],[2.537,-21.202]],"v":[[-29.777,-103.469],[-30.723,-103.484],[-78.565,-60.883],[-97.676,103.484],[-96.824,103.469],[-77.935,-60.367]],"c":true}]}],"ix":2},"nm":"Path 1","mn":"ADBE Vector Shape - Group","hd":false},{"ty":"st","c":{"a":0,"k":[0.071,0.075,0.192,1],"ix":3,"x":"var $bm_rt;\n$bm_rt = comp('wired-lineal-2096-siren').layer('control').effect('primary')('Color');"},"o":{"a":0,"k":100,"ix":4},"w":{"a":0,"k":7,"ix":5,"x":"var $bm_rt;\n$bm_rt = $bm_mul($bm_div(value, 2), comp('wired-lineal-2096-siren').layer('control').effect('stroke')('Menu'));"},"lc":2,"lj":2,"bm":0,"nm":".primary","mn":"ADBE Vector Graphic - Stroke","hd":false,"cl":"primary"},{"ty":"tr","p":{"a":0,"k":[250,220.052],"ix":2},"a":{"a":0,"k":[0,0],"ix":1},"s":{"a":0,"k":[100,100],"ix":3},"r":{"a":0,"k":0,"ix":6},"o":{"a":0,"k":100,"ix":7},"sk":{"a":0,"k":0,"ix":4},"sa":{"a":0,"k":0,"ix":5},"nm":"Transform"}],"nm":"Group 5","np":2,"cix":2,"bm":0,"ix":1,"mn":"ADBE Vector Group","hd":false}],"ip":1,"op":30,"st":0,"ct":1,"bm":0},{"ddd":0,"ind":4,"ty":4,"nm":"outline 5","sr":1,"ks":{"o":{"a":0,"k":100,"ix":11},"r":{"a":0,"k":0,"ix":10},"p":{"a":0,"k":[356.498,201.094,0],"ix":2,"l":2},"a":{"a":0,"k":[391.498,236.094,0],"ix":1,"l":2},"s":{"a":0,"k":[100,100,100],"ix":6,"l":2}},"ao":0,"shapes":[{"ty":"gr","it":[{"ty":"gr","it":[{"ind":0,"ty":"sh","ix":1,"ks":{"a":0,"k":{"i":[[0,0],[0,0]],"o":[[0,0],[0,0]],"v":[[-50.197,0],[39.197,0]],"c":false},"ix":2},"nm":"Path 1","mn":"ADBE Vector Shape - Group","hd":false},{"ty":"st","c":{"a":0,"k":[0.071,0.075,0.192,1],"ix":3,"x":"var $bm_rt;\n$bm_rt = comp('wired-lineal-2096-siren').layer('control').effect('primary')('Color');"},"o":{"a":0,"k":100,"ix":4},"w":{"a":0,"k":7,"ix":5,"x":"var $bm_rt;\n$bm_rt = $bm_mul($bm_div(value, 2), comp('wired-lineal-2096-siren').layer('control').effect('stroke')('Menu'));"},"lc":2,"lj":2,"bm":0,"nm":".primary","mn":"ADBE Vector Graphic - Stroke","hd":false,"cl":"primary"},{"ty":"tm","s":{"a":1,"k":[{"i":{"x":[0.667],"y":[1]},"o":{"x":[0.333],"y":[0]},"t":0,"s":[44]},{"t":16,"s":[100],"h":1},{"i":{"x":[0.842],"y":[1]},"o":{"x":[0.283],"y":[-22.265]},"t":30,"s":[0]},{"i":{"x":[0.14],"y":[1]},"o":{"x":[0.167],"y":[0]},"t":38,"s":[0]},{"t":59,"s":[100],"h":1},{"i":{"x":[0.842],"y":[1]},"o":{"x":[0.283],"y":[-22.265]},"t":75,"s":[0]},{"i":{"x":[0.14],"y":[1]},"o":{"x":[0.167],"y":[0]},"t":83,"s":[0]},{"t":104,"s":[100],"h":1},{"i":{"x":[0.39],"y":[1]},"o":{"x":[0.283],"y":[-0.822]},"t":107,"s":[0]},{"t":120,"s":[44]}],"ix":1},"e":{"a":1,"k":[{"i":{"x":[0.667],"y":[1]},"o":{"x":[0.333],"y":[0]},"t":0,"s":[68]},{"t":10,"s":[100],"h":1},{"i":{"x":[0.14],"y":[1]},"o":{"x":[0.167],"y":[0]},"t":30,"s":[0]},{"i":{"x":[0.833],"y":[1]},"o":{"x":[0.86],"y":[0]},"t":51,"s":[100]},{"t":59,"s":[100],"h":1},{"i":{"x":[0.14],"y":[1]},"o":{"x":[0.167],"y":[0]},"t":75,"s":[0]},{"i":{"x":[0.833],"y":[1]},"o":{"x":[0.86],"y":[0]},"t":96,"s":[100]},{"t":104,"s":[100],"h":1},{"i":{"x":[0.39],"y":[1]},"o":{"x":[0.167],"y":[0]},"t":107,"s":[0]},{"t":120,"s":[68]}],"ix":2},"o":{"a":0,"k":0,"ix":3},"m":1,"ix":3,"nm":"Trim Paths 1","mn":"ADBE Vector Filter - Trim","hd":false},{"ty":"tr","p":{"a":0,"k":[406.827,237.094],"ix":2},"a":{"a":0,"k":[0,0],"ix":1},"s":{"a":0,"k":[100,100],"ix":3},"r":{"a":0,"k":0,"ix":6},"o":{"a":0,"k":100,"ix":7},"sk":{"a":0,"k":0,"ix":4},"sa":{"a":0,"k":0,"ix":5},"nm":"Transform"}],"nm":"Group 1","np":3,"cix":2,"bm":0,"ix":1,"mn":"ADBE Vector Group","hd":false},{"ty":"gr","it":[{"ind":0,"ty":"sh","ix":1,"ks":{"a":0,"k":{"i":[[0,0],[0,0]],"o":[[0,0],[0,0]],"v":[[-30.291,-9.684],[41.291,12.434]],"c":false},"ix":2},"nm":"Path 1","mn":"ADBE Vector Shape - Group","hd":false},{"ind":1,"ty":"sh","ix":2,"ks":{"a":0,"k":{"i":[[0,0],[0,0]],"o":[[0,0],[0,0]],"v":[[-31.041,-96.069],[43.041,-118.438]],"c":false},"ix":2},"nm":"Path 2","mn":"ADBE Vector Shape - Group","hd":false},{"ty":"st","c":{"a":0,"k":[0.071,0.075,0.192,1],"ix":3,"x":"var $bm_rt;\n$bm_rt = comp('wired-lineal-2096-siren').layer('control').effect('primary')('Color');"},"o":{"a":0,"k":100,"ix":4},"w":{"a":0,"k":7,"ix":5,"x":"var $bm_rt;\n$bm_rt = $bm_mul($bm_div(value, 2), comp('wired-lineal-2096-siren').layer('control').effect('stroke')('Menu'));"},"lc":2,"lj":2,"bm":0,"nm":".primary","mn":"ADBE Vector Graphic - Stroke","hd":false,"cl":"primary"},{"ty":"tm","s":{"a":1,"k":[{"i":{"x":[0.667],"y":[1]},"o":{"x":[0.333],"y":[0]},"t":0,"s":[18]},{"t":16,"s":[100],"h":1},{"i":{"x":[0.832],"y":[1]},"o":{"x":[0.365],"y":[-16.954]},"t":30,"s":[0]},{"i":{"x":[0.14],"y":[1]},"o":{"x":[0.167],"y":[0]},"t":38,"s":[0]},{"t":59,"s":[100],"h":1},{"i":{"x":[0.832],"y":[1]},"o":{"x":[0.365],"y":[-16.954]},"t":75,"s":[0]},{"i":{"x":[0.14],"y":[1]},"o":{"x":[0.167],"y":[0]},"t":83,"s":[0]},{"t":104,"s":[100],"h":1},{"i":{"x":[0.39],"y":[1]},"o":{"x":[0.365],"y":[-1.531]},"t":107,"s":[0]},{"t":120,"s":[18]}],"ix":1},"e":{"a":1,"k":[{"i":{"x":[0.667],"y":[1]},"o":{"x":[0.333],"y":[0]},"t":0,"s":[67]},{"t":10,"s":[100],"h":1},{"i":{"x":[0.14],"y":[1]},"o":{"x":[0.167],"y":[0]},"t":30,"s":[0]},{"i":{"x":[0.833],"y":[1]},"o":{"x":[0.86],"y":[0]},"t":51,"s":[100]},{"t":59,"s":[100],"h":1},{"i":{"x":[0.14],"y":[1]},"o":{"x":[0.167],"y":[0]},"t":75,"s":[0]},{"i":{"x":[0.833],"y":[1]},"o":{"x":[0.86],"y":[0]},"t":96,"s":[100]},{"t":104,"s":[100],"h":1},{"i":{"x":[0.39],"y":[1]},"o":{"x":[0.167],"y":[0]},"t":107,"s":[0]},{"t":120,"s":[67]}],"ix":2},"o":{"a":0,"k":0,"ix":3},"m":1,"ix":4,"nm":"Trim Paths 1","mn":"ADBE Vector Filter - Trim","hd":false},{"ty":"tr","p":{"a":0,"k":[383.012,288.596],"ix":2},"a":{"a":0,"k":[0,0],"ix":1},"s":{"a":0,"k":[100,100],"ix":3},"r":{"a":0,"k":0,"ix":6},"o":{"a":0,"k":100,"ix":7},"sk":{"a":0,"k":0,"ix":4},"sa":{"a":0,"k":0,"ix":5},"nm":"Transform"}],"nm":"Group 2","np":4,"cix":2,"bm":0,"ix":2,"mn":"ADBE Vector Group","hd":false},{"ty":"tr","p":{"a":0,"k":[101.998,235.594],"ix":2},"a":{"a":0,"k":[398.998,235.594],"ix":1},"s":{"a":0,"k":[-100,100],"ix":3},"r":{"a":0,"k":0,"ix":6},"o":{"a":0,"k":100,"ix":7},"sk":{"a":0,"k":0,"ix":4},"sa":{"a":0,"k":0,"ix":5},"nm":"Transform"}],"nm":"Group 2","np":2,"cix":2,"bm":0,"ix":1,"mn":"ADBE Vector Group","hd":false},{"ty":"gr","it":[{"ty":"gr","it":[{"ind":0,"ty":"sh","ix":1,"ks":{"a":0,"k":{"i":[[0,0],[0,0]],"o":[[0,0],[0,0]],"v":[[-50.197,0],[39.197,0]],"c":false},"ix":2},"nm":"Path 1","mn":"ADBE Vector Shape - Group","hd":false},{"ty":"st","c":{"a":0,"k":[0.071,0.075,0.192,1],"ix":3,"x":"var $bm_rt;\n$bm_rt = comp('wired-lineal-2096-siren').layer('control').effect('primary')('Color');"},"o":{"a":0,"k":100,"ix":4},"w":{"a":0,"k":7,"ix":5,"x":"var $bm_rt;\n$bm_rt = $bm_mul($bm_div(value, 2), comp('wired-lineal-2096-siren').layer('control').effect('stroke')('Menu'));"},"lc":2,"lj":2,"bm":0,"nm":".primary","mn":"ADBE Vector Graphic - Stroke","hd":false,"cl":"primary"},{"ty":"tm","s":{"a":1,"k":[{"i":{"x":[0.667],"y":[1]},"o":{"x":[0.333],"y":[0]},"t":0,"s":[44]},{"t":16,"s":[100],"h":1},{"i":{"x":[0.842],"y":[1]},"o":{"x":[0.283],"y":[-22.265]},"t":30,"s":[0]},{"i":{"x":[0.14],"y":[1]},"o":{"x":[0.167],"y":[0]},"t":38,"s":[0]},{"t":59,"s":[100],"h":1},{"i":{"x":[0.842],"y":[1]},"o":{"x":[0.283],"y":[-22.265]},"t":75,"s":[0]},{"i":{"x":[0.14],"y":[1]},"o":{"x":[0.167],"y":[0]},"t":83,"s":[0]},{"t":104,"s":[100],"h":1},{"i":{"x":[0.39],"y":[1]},"o":{"x":[0.283],"y":[-0.822]},"t":107,"s":[0]},{"t":120,"s":[44]}],"ix":1},"e":{"a":1,"k":[{"i":{"x":[0.667],"y":[1]},"o":{"x":[0.333],"y":[0]},"t":0,"s":[68]},{"t":10,"s":[100],"h":1},{"i":{"x":[0.14],"y":[1]},"o":{"x":[0.167],"y":[0]},"t":30,"s":[0]},{"i":{"x":[0.833],"y":[1]},"o":{"x":[0.86],"y":[0]},"t":51,"s":[100]},{"t":59,"s":[100],"h":1},{"i":{"x":[0.14],"y":[1]},"o":{"x":[0.167],"y":[0]},"t":75,"s":[0]},{"i":{"x":[0.833],"y":[1]},"o":{"x":[0.86],"y":[0]},"t":96,"s":[100]},{"t":104,"s":[100],"h":1},{"i":{"x":[0.39],"y":[1]},"o":{"x":[0.167],"y":[0]},"t":107,"s":[0]},{"t":120,"s":[68]}],"ix":2},"o":{"a":0,"k":0,"ix":3},"m":1,"ix":3,"nm":"Trim Paths 1","mn":"ADBE Vector Filter - Trim","hd":false},{"ty":"tr","p":{"a":0,"k":[406.827,237.094],"ix":2},"a":{"a":0,"k":[0,0],"ix":1},"s":{"a":0,"k":[100,100],"ix":3},"r":{"a":0,"k":0,"ix":6},"o":{"a":0,"k":100,"ix":7},"sk":{"a":0,"k":0,"ix":4},"sa":{"a":0,"k":0,"ix":5},"nm":"Transform"}],"nm":"Group 1","np":3,"cix":2,"bm":0,"ix":1,"mn":"ADBE Vector Group","hd":false},{"ty":"gr","it":[{"ind":0,"ty":"sh","ix":1,"ks":{"a":0,"k":{"i":[[0,0],[0,0]],"o":[[0,0],[0,0]],"v":[[-30.291,-9.684],[41.291,12.434]],"c":false},"ix":2},"nm":"Path 1","mn":"ADBE Vector Shape - Group","hd":false},{"ind":1,"ty":"sh","ix":2,"ks":{"a":0,"k":{"i":[[0,0],[0,0]],"o":[[0,0],[0,0]],"v":[[-31.041,-96.069],[43.041,-118.438]],"c":false},"ix":2},"nm":"Path 2","mn":"ADBE Vector Shape - Group","hd":false},{"ty":"st","c":{"a":0,"k":[0.071,0.075,0.192,1],"ix":3,"x":"var $bm_rt;\n$bm_rt = comp('wired-lineal-2096-siren').layer('control').effect('primary')('Color');"},"o":{"a":0,"k":100,"ix":4},"w":{"a":0,"k":7,"ix":5,"x":"var $bm_rt;\n$bm_rt = $bm_mul($bm_div(value, 2), comp('wired-lineal-2096-siren').layer('control').effect('stroke')('Menu'));"},"lc":2,"lj":2,"bm":0,"nm":".primary","mn":"ADBE Vector Graphic - Stroke","hd":false,"cl":"primary"},{"ty":"tm","s":{"a":1,"k":[{"i":{"x":[0.667],"y":[1]},"o":{"x":[0.333],"y":[0]},"t":0,"s":[18]},{"t":16,"s":[100],"h":1},{"i":{"x":[0.832],"y":[1]},"o":{"x":[0.365],"y":[-16.954]},"t":30,"s":[0]},{"i":{"x":[0.14],"y":[1]},"o":{"x":[0.167],"y":[0]},"t":38,"s":[0]},{"t":59,"s":[100],"h":1},{"i":{"x":[0.832],"y":[1]},"o":{"x":[0.365],"y":[-16.954]},"t":75,"s":[0]},{"i":{"x":[0.14],"y":[1]},"o":{"x":[0.167],"y":[0]},"t":83,"s":[0]},{"t":104,"s":[100],"h":1},{"i":{"x":[0.39],"y":[1]},"o":{"x":[0.365],"y":[-1.531]},"t":107,"s":[0]},{"t":120,"s":[18]}],"ix":1},"e":{"a":1,"k":[{"i":{"x":[0.667],"y":[1]},"o":{"x":[0.333],"y":[0]},"t":0,"s":[67]},{"t":10,"s":[100],"h":1},{"i":{"x":[0.14],"y":[1]},"o":{"x":[0.167],"y":[0]},"t":30,"s":[0]},{"i":{"x":[0.833],"y":[1]},"o":{"x":[0.86],"y":[0]},"t":51,"s":[100]},{"t":59,"s":[100],"h":1},{"i":{"x":[0.14],"y":[1]},"o":{"x":[0.167],"y":[0]},"t":75,"s":[0]},{"i":{"x":[0.833],"y":[1]},"o":{"x":[0.86],"y":[0]},"t":96,"s":[100]},{"t":104,"s":[100],"h":1},{"i":{"x":[0.39],"y":[1]},"o":{"x":[0.167],"y":[0]},"t":107,"s":[0]},{"t":120,"s":[67]}],"ix":2},"o":{"a":0,"k":0,"ix":3},"m":1,"ix":4,"nm":"Trim Paths 1","mn":"ADBE Vector Filter - Trim","hd":false},{"ty":"tr","p":{"a":0,"k":[383.012,288.596],"ix":2},"a":{"a":0,"k":[0,0],"ix":1},"s":{"a":0,"k":[100,100],"ix":3},"r":{"a":0,"k":0,"ix":6},"o":{"a":0,"k":100,"ix":7},"sk":{"a":0,"k":0,"ix":4},"sa":{"a":0,"k":0,"ix":5},"nm":"Transform"}],"nm":"Group 2","np":4,"cix":2,"bm":0,"ix":2,"mn":"ADBE Vector Group","hd":false},{"ty":"tr","p":{"a":0,"k":[398.998,235.594],"ix":2},"a":{"a":0,"k":[398.998,235.594],"ix":1},"s":{"a":0,"k":[100,100],"ix":3},"r":{"a":0,"k":0,"ix":6},"o":{"a":0,"k":100,"ix":7},"sk":{"a":0,"k":0,"ix":4},"sa":{"a":0,"k":0,"ix":5},"nm":"Transform"}],"nm":"Group 1","np":2,"cix":2,"bm":0,"ix":2,"mn":"ADBE Vector Group","hd":false}],"ip":0,"op":300,"st":0,"ct":1,"bm":0},{"ddd":0,"ind":5,"ty":4,"nm":"Reflection 2","sr":1,"ks":{"o":{"a":0,"k":100,"ix":11},"r":{"a":0,"k":0,"ix":10},"p":{"a":0,"k":[216.5,215,0],"ix":2,"l":2},"a":{"a":0,"k":[250,250,0],"ix":1,"l":2},"s":{"a":0,"k":[100,100,100],"ix":6,"l":2}},"ao":0,"shapes":[{"ty":"gr","it":[{"ind":0,"ty":"sh","ix":1,"ks":{"a":0,"k":{"i":[[0.135,0],[0.207,1.783],[0,0],[-1.92,0.223],[-0.223,-1.92],[0,0],[1.92,-0.223]],"o":[[-1.752,0],[0,0],[-0.223,-1.92],[1.918,-0.22],[0,0],[0.223,1.92],[-0.137,0.016]],"v":[[4.582,42.948],[1.11,39.852],[-8.063,-39.044],[-4.991,-42.925],[-1.11,-39.852],[8.063,39.043],[4.991,42.924]],"c":true},"ix":2},"nm":"Path 1","mn":"ADBE Vector Shape - Group","hd":false},{"ty":"fl","c":{"a":0,"k":[0.922,0.902,0.937,1],"ix":4,"x":"var $bm_rt;\n$bm_rt = comp('wired-lineal-2096-siren').layer('control').effect('tertiary')('Color');"},"o":{"a":0,"k":100,"ix":5},"r":1,"bm":0,"nm":".tertiary","mn":"ADBE Vector Graphic - Fill","hd":false,"cl":"tertiary"},{"ty":"tr","p":{"a":0,"k":[317.25,266.315],"ix":2},"a":{"a":0,"k":[0,0],"ix":1},"s":{"a":0,"k":[100,100],"ix":3},"r":{"a":0,"k":0,"ix":6},"o":{"a":0,"k":35,"ix":7},"sk":{"a":0,"k":0,"ix":4},"sa":{"a":0,"k":0,"ix":5},"nm":"Transform"}],"nm":"Group 1","np":2,"cix":2,"bm":0,"ix":1,"mn":"ADBE Vector Group","hd":false},{"ty":"gr","it":[{"ind":0,"ty":"sh","ix":1,"ks":{"a":0,"k":{"i":[[0.135,0],[0.207,1.783],[22.673,0],[0,1.933],[-1.933,0],[-3.029,-26.052],[1.92,-0.223]],"o":[[-1.752,0],[-2.619,-22.522],[-1.933,0],[0,-1.933],[26.227,0],[0.223,1.92],[-0.137,0.016]],"v":[[23.916,24.801],[20.444,21.705],[-23.921,-17.801],[-27.421,-21.301],[-23.921,-24.801],[27.397,20.896],[24.325,24.777]],"c":true},"ix":2},"nm":"Path 1","mn":"ADBE Vector Shape - Group","hd":false},{"ty":"fl","c":{"a":0,"k":[0.922,0.902,0.937,1],"ix":4,"x":"var $bm_rt;\n$bm_rt = comp('wired-lineal-2096-siren').layer('control').effect('tertiary')('Color');"},"o":{"a":0,"k":100,"ix":5},"r":1,"bm":0,"nm":".tertiary","mn":"ADBE Vector Graphic - Fill","hd":false,"cl":"tertiary"},{"ty":"tr","p":{"a":0,"k":[283.197,157.868],"ix":2},"a":{"a":0,"k":[0,0],"ix":1},"s":{"a":0,"k":[100,100],"ix":3},"r":{"a":0,"k":0,"ix":6},"o":{"a":0,"k":35,"ix":7},"sk":{"a":0,"k":0,"ix":4},"sa":{"a":0,"k":0,"ix":5},"nm":"Transform"}],"nm":"Group 2","np":2,"cix":2,"bm":0,"ix":2,"mn":"ADBE Vector Group","hd":false}],"ip":0,"op":300,"st":0,"ct":1,"bm":0},{"ddd":0,"ind":6,"ty":4,"nm":"Shadow 2","sr":1,"ks":{"o":{"a":0,"k":100,"ix":11},"r":{"a":0,"k":0,"ix":10},"p":{"a":0,"k":[216.5,215,0],"ix":2,"l":2},"a":{"a":0,"k":[250,250,0],"ix":1,"l":2},"s":{"a":0,"k":[100,100,100],"ix":6,"l":2}},"ao":0,"shapes":[{"ty":"gr","it":[{"ind":0,"ty":"sh","ix":1,"ks":{"a":0,"k":{"i":[[-24.448,0],[0,0],[2.824,-24.284],[0,0],[0,0],[0,0]],"o":[[0,0],[-24.448,0],[0,0],[0,0],[0,0],[2.823,-24.284]],"v":[[45.736,-103.484],[21.217,-103.484],[-26.625,-60.883],[-45.736,103.484],[-21.217,103.484],[-2.105,-60.883]],"c":true},"ix":2},"nm":"Path 1","mn":"ADBE Vector Shape - Group","hd":false},{"ty":"fl","c":{"a":0,"k":[0.294,0.702,0.992,1],"ix":4,"x":"var $bm_rt;\n$bm_rt = comp('wired-lineal-2096-siren').layer('control').effect('secondary')('Color');"},"o":{"a":0,"k":100,"ix":5},"r":1,"bm":0,"nm":".secondary","mn":"ADBE Vector Graphic - Fill","hd":false,"cl":"secondary"},{"ty":"tr","p":{"a":0,"k":[196.613,220.052],"ix":2},"a":{"a":0,"k":[0,0],"ix":1},"s":{"a":0,"k":[100,100],"ix":3},"r":{"a":0,"k":0,"ix":6},"o":{"a":0,"k":50,"ix":7},"sk":{"a":0,"k":0,"ix":4},"sa":{"a":0,"k":0,"ix":5},"nm":"Transform"}],"nm":"Group 17","np":2,"cix":2,"bm":1,"ix":1,"mn":"ADBE Vector Group","hd":false}],"ip":0,"op":300,"st":0,"ct":1,"bm":1},{"ddd":0,"ind":7,"ty":4,"nm":"Flash-6","sr":1,"ks":{"o":{"a":0,"k":100,"ix":11},"r":{"a":0,"k":0,"ix":10},"p":{"a":0,"k":[215,215,0],"ix":2,"l":2},"a":{"a":0,"k":[250,250,0],"ix":1,"l":2},"s":{"a":0,"k":[100,100,100],"ix":6,"l":2}},"ao":0,"shapes":[{"ty":"gr","it":[{"ind":0,"ty":"sh","ix":1,"ks":{"a":1,"k":[{"i":{"x":0.833,"y":0.833},"o":{"x":0.167,"y":0.167},"t":83,"s":[{"i":[[24.448,0],[0,0],[-2.642,-21.189],[0,0],[0,0],[0,0]],"o":[[0,0],[31.223,-1.083],[14.065,112.816],[0,0],[0,0],[-2.824,-24.285]],"v":[[30.723,-103.484],[28.777,-103.469],[78.435,-59.867],[97.324,103.469],[97.676,103.484],[78.565,-60.883]],"c":true}]},{"i":{"x":0.833,"y":0.833},"o":{"x":0.167,"y":0.167},"t":90.174,"s":[{"i":[[24.448,0],[0,0],[1.104,-21.325],[0,0],[0,0],[0,0]],"o":[[0,0],[-24.448,0],[-6.435,124.316],[0,0],[0,0],[-2.824,-24.285]],"v":[[30.723,-103.484],[28.777,-103.469],[-19.065,-60.867],[97.324,103.469],[97.676,103.484],[78.565,-60.883]],"c":true}]},{"i":{"x":0.833,"y":0.833},"o":{"x":0.167,"y":0.167},"t":97.348,"s":[{"i":[[24.448,0],[0,0],[2.824,-24.285],[0,0],[0,0],[0,0]],"o":[[0,0],[-24.448,0],[0,0],[0,0],[0,0],[-2.824,-24.285]],"v":[[30.723,-103.484],[-30.723,-103.484],[-78.565,-60.883],[-97.676,103.484],[97.676,103.484],[78.565,-60.883]],"c":true}]},{"i":{"x":0.833,"y":0.833},"o":{"x":0.167,"y":0.167},"t":105.826,"s":[{"i":[[24.448,0],[0,0],[2.824,-24.285],[0,0],[0,0],[3.435,102.316]],"o":[[0,0],[-24.448,0],[0,0],[0,0],[0,0],[-0.717,-21.341]],"v":[[-29.777,-103.469],[-30.723,-103.484],[-78.565,-60.883],[-97.676,103.484],[-96.824,103.469],[18.065,-60.867]],"c":true}]},{"t":113,"s":[{"i":[[-29.223,-0.583],[0,0],[2.824,-24.285],[0,0],[0,0],[-12.065,100.816]],"o":[[0,0],[-24.448,0],[0,0],[0,0],[0,0],[2.537,-21.202]],"v":[[-29.777,-103.469],[-30.723,-103.484],[-78.565,-60.883],[-97.676,103.484],[-96.824,103.469],[-77.935,-60.367]],"c":true}]}],"ix":2},"nm":"Path 1","mn":"ADBE Vector Shape - Group","hd":false},{"ty":"fl","c":{"a":0,"k":[0.949,0.298,0,1],"ix":4,"x":"var $bm_rt;\n$bm_rt = comp('wired-lineal-2096-siren').layer('control').effect('quaternary')('Color');"},"o":{"a":0,"k":100,"ix":5},"r":1,"bm":0,"nm":".quaternary","mn":"ADBE Vector Graphic - Fill","hd":false,"cl":"quaternary"},{"ty":"tr","p":{"a":0,"k":[250,220.052],"ix":2},"a":{"a":0,"k":[0,0],"ix":1},"s":{"a":0,"k":[100,100],"ix":3},"r":{"a":0,"k":0,"ix":6},"o":{"a":0,"k":100,"ix":7},"sk":{"a":0,"k":0,"ix":4},"sa":{"a":0,"k":0,"ix":5},"nm":"Transform"}],"nm":"Group 5","np":3,"cix":2,"bm":0,"ix":1,"mn":"ADBE Vector Group","hd":false}],"ip":83,"op":113,"st":83,"ct":1,"bm":0},{"ddd":0,"ind":8,"ty":4,"nm":"Flash-5","sr":1,"ks":{"o":{"a":0,"k":100,"ix":11},"r":{"a":0,"k":0,"ix":10},"p":{"a":0,"k":[215,215,0],"ix":2,"l":2},"a":{"a":0,"k":[250,250,0],"ix":1,"l":2},"s":{"a":0,"k":[100,100,100],"ix":6,"l":2}},"ao":0,"shapes":[{"ty":"gr","it":[{"ind":0,"ty":"sh","ix":1,"ks":{"a":1,"k":[{"i":{"x":0.833,"y":0.833},"o":{"x":0.167,"y":0.167},"t":38,"s":[{"i":[[24.448,0],[0,0],[-2.642,-21.189],[0,0],[0,0],[0,0]],"o":[[0,0],[31.223,-1.083],[14.065,112.816],[0,0],[0,0],[-2.824,-24.285]],"v":[[30.723,-103.484],[28.777,-103.469],[78.435,-59.867],[97.324,103.469],[97.676,103.484],[78.565,-60.883]],"c":true}]},{"i":{"x":0.833,"y":0.833},"o":{"x":0.167,"y":0.167},"t":45.174,"s":[{"i":[[24.448,0],[0,0],[1.104,-21.325],[0,0],[0,0],[0,0]],"o":[[0,0],[-24.448,0],[-6.435,124.316],[0,0],[0,0],[-2.824,-24.285]],"v":[[30.723,-103.484],[28.777,-103.469],[-19.065,-60.867],[97.324,103.469],[97.676,103.484],[78.565,-60.883]],"c":true}]},{"i":{"x":0.833,"y":0.833},"o":{"x":0.167,"y":0.167},"t":52.348,"s":[{"i":[[24.448,0],[0,0],[2.824,-24.285],[0,0],[0,0],[0,0]],"o":[[0,0],[-24.448,0],[0,0],[0,0],[0,0],[-2.824,-24.285]],"v":[[30.723,-103.484],[-30.723,-103.484],[-78.565,-60.883],[-97.676,103.484],[97.676,103.484],[78.565,-60.883]],"c":true}]},{"i":{"x":0.833,"y":0.833},"o":{"x":0.167,"y":0.167},"t":60.826,"s":[{"i":[[24.448,0],[0,0],[2.824,-24.285],[0,0],[0,0],[3.435,102.316]],"o":[[0,0],[-24.448,0],[0,0],[0,0],[0,0],[-0.717,-21.341]],"v":[[-29.777,-103.469],[-30.723,-103.484],[-78.565,-60.883],[-97.676,103.484],[-96.824,103.469],[18.065,-60.867]],"c":true}]},{"t":68,"s":[{"i":[[-29.223,-0.583],[0,0],[2.824,-24.285],[0,0],[0,0],[-12.065,100.816]],"o":[[0,0],[-24.448,0],[0,0],[0,0],[0,0],[2.537,-21.202]],"v":[[-29.777,-103.469],[-30.723,-103.484],[-78.565,-60.883],[-97.676,103.484],[-96.824,103.469],[-77.935,-60.367]],"c":true}]}],"ix":2},"nm":"Path 1","mn":"ADBE Vector Shape - Group","hd":false},{"ty":"fl","c":{"a":0,"k":[0.949,0.298,0,1],"ix":4,"x":"var $bm_rt;\n$bm_rt = comp('wired-lineal-2096-siren').layer('control').effect('quaternary')('Color');"},"o":{"a":0,"k":100,"ix":5},"r":1,"bm":0,"nm":".quaternary","mn":"ADBE Vector Graphic - Fill","hd":false,"cl":"quaternary"},{"ty":"tr","p":{"a":0,"k":[250,220.052],"ix":2},"a":{"a":0,"k":[0,0],"ix":1},"s":{"a":0,"k":[100,100],"ix":3},"r":{"a":0,"k":0,"ix":6},"o":{"a":0,"k":100,"ix":7},"sk":{"a":0,"k":0,"ix":4},"sa":{"a":0,"k":0,"ix":5},"nm":"Transform"}],"nm":"Group 5","np":3,"cix":2,"bm":0,"ix":1,"mn":"ADBE Vector Group","hd":false}],"ip":38,"op":68,"st":38,"ct":1,"bm":0},{"ddd":0,"ind":9,"ty":4,"nm":"Flash-4","sr":1,"ks":{"o":{"a":0,"k":100,"ix":11},"r":{"a":0,"k":0,"ix":10},"p":{"a":0,"k":[215,215,0],"ix":2,"l":2},"a":{"a":0,"k":[250,250,0],"ix":1,"l":2},"s":{"a":0,"k":[100,100,100],"ix":6,"l":2}},"ao":0,"shapes":[{"ty":"gr","it":[{"ind":0,"ty":"sh","ix":1,"ks":{"a":1,"k":[{"i":{"x":0.833,"y":0.833},"o":{"x":0.167,"y":0.167},"t":0,"s":[{"i":[[24.448,0],[0,0],[-2.642,-21.189],[0,0],[0,0],[0,0]],"o":[[0,0],[31.223,-1.083],[14.065,112.816],[0,0],[0,0],[-2.824,-24.285]],"v":[[30.723,-103.484],[28.777,-103.469],[78.435,-59.867],[97.324,103.469],[97.676,103.484],[78.565,-60.883]],"c":true}]},{"i":{"x":0.833,"y":0.833},"o":{"x":0.167,"y":0.167},"t":7.174,"s":[{"i":[[24.448,0],[0,0],[1.104,-21.325],[0,0],[0,0],[0,0]],"o":[[0,0],[-24.448,0],[-6.435,124.316],[0,0],[0,0],[-2.824,-24.285]],"v":[[30.723,-103.484],[28.777,-103.469],[-19.065,-60.867],[97.324,103.469],[97.676,103.484],[78.565,-60.883]],"c":true}]},{"i":{"x":0.833,"y":0.833},"o":{"x":0.167,"y":0.167},"t":14.348,"s":[{"i":[[24.448,0],[0,0],[2.824,-24.285],[0,0],[0,0],[0,0]],"o":[[0,0],[-24.448,0],[0,0],[0,0],[0,0],[-2.824,-24.285]],"v":[[30.723,-103.484],[-30.723,-103.484],[-78.565,-60.883],[-97.676,103.484],[97.676,103.484],[78.565,-60.883]],"c":true}]},{"i":{"x":0.833,"y":0.833},"o":{"x":0.167,"y":0.167},"t":22.826,"s":[{"i":[[24.448,0],[0,0],[2.824,-24.285],[0,0],[0,0],[3.435,102.316]],"o":[[0,0],[-24.448,0],[0,0],[0,0],[0,0],[-0.717,-21.341]],"v":[[-29.777,-103.469],[-30.723,-103.484],[-78.565,-60.883],[-97.676,103.484],[-96.824,103.469],[18.065,-60.867]],"c":true}]},{"t":30,"s":[{"i":[[-29.223,-0.583],[0,0],[2.824,-24.285],[0,0],[0,0],[-12.065,100.816]],"o":[[0,0],[-24.448,0],[0,0],[0,0],[0,0],[2.537,-21.202]],"v":[[-29.777,-103.469],[-30.723,-103.484],[-78.565,-60.883],[-97.676,103.484],[-96.824,103.469],[-77.935,-60.367]],"c":true}]}],"ix":2},"nm":"Path 1","mn":"ADBE Vector Shape - Group","hd":false},{"ty":"tr","p":{"a":0,"k":[250,220.052],"ix":2},"a":{"a":0,"k":[0,0],"ix":1},"s":{"a":0,"k":[100,100],"ix":3},"r":{"a":0,"k":0,"ix":6},"o":{"a":0,"k":100,"ix":7},"sk":{"a":0,"k":0,"ix":4},"sa":{"a":0,"k":0,"ix":5},"nm":"Transform"}],"nm":"Group 5","np":2,"cix":2,"bm":0,"ix":1,"mn":"ADBE Vector Group","hd":false},{"ty":"fl","c":{"a":0,"k":[0.949,0.298,0,1],"ix":4,"x":"var $bm_rt;\n$bm_rt = comp('wired-lineal-2096-siren').layer('control').effect('quaternary')('Color');"},"o":{"a":0,"k":100,"ix":5},"r":1,"bm":0,"nm":".quaternary","mn":"ADBE Vector Graphic - Fill","hd":false,"cl":"quaternary"}],"ip":1,"op":30,"st":0,"ct":1,"bm":0},{"ddd":0,"ind":10,"ty":4,"nm":"outline 6","sr":1,"ks":{"o":{"a":0,"k":100,"ix":11},"r":{"a":0,"k":0,"ix":10},"p":{"a":0,"k":[215,215,0],"ix":2,"l":2},"a":{"a":0,"k":[250,250,0],"ix":1,"l":2},"s":{"a":0,"k":[100,100,100],"ix":6,"l":2}},"ao":0,"shapes":[{"ty":"gr","it":[{"ind":0,"ty":"sh","ix":1,"ks":{"a":0,"k":{"i":[[0,-12.892],[12.892,0],[0,12.892],[-12.892,0]],"o":[[0,12.892],[-12.892,0],[0,-12.892],[12.892,0]],"v":[[23.344,0],[0,23.344],[-23.344,0],[0,-23.344]],"c":true},"ix":2},"nm":"Path 1","mn":"ADBE Vector Shape - Group","hd":false},{"ind":1,"ty":"sh","ix":2,"ks":{"a":0,"k":{"i":[[0,0],[0,0]],"o":[[0,0],[0,0]],"v":[[0,90.222],[0,23.651]],"c":false},"ix":2},"nm":"Path 2","mn":"ADBE Vector Shape - Group","hd":false},{"ty":"st","c":{"a":0,"k":[0.071,0.075,0.192,1],"ix":3,"x":"var $bm_rt;\n$bm_rt = comp('wired-lineal-2096-siren').layer('control').effect('primary')('Color');"},"o":{"a":0,"k":100,"ix":4},"w":{"a":0,"k":7,"ix":5,"x":"var $bm_rt;\n$bm_rt = $bm_mul($bm_div(value, 2), comp('wired-lineal-2096-siren').layer('control').effect('stroke')('Menu'));"},"lc":2,"lj":2,"bm":0,"nm":".primary","mn":"ADBE Vector Graphic - Stroke","hd":false,"cl":"primary"},{"ty":"tr","p":{"a":0,"k":[250,233.314],"ix":2},"a":{"a":0,"k":[0,0],"ix":1},"s":{"a":0,"k":[100,100],"ix":3},"r":{"a":0,"k":0,"ix":6},"o":{"a":0,"k":100,"ix":7},"sk":{"a":0,"k":0,"ix":4},"sa":{"a":0,"k":0,"ix":5},"nm":"Transform"}],"nm":"Group 1","np":3,"cix":2,"bm":0,"ix":1,"mn":"ADBE Vector Group","hd":false},{"ty":"gr","it":[{"ind":0,"ty":"sh","ix":1,"ks":{"a":0,"k":{"i":[[0,0],[0,0],[0,0],[0,0]],"o":[[0,0],[0,0],[0,0],[0,0]],"v":[[-97.676,13.269],[-97.676,-13.269],[97.676,-13.269],[97.676,13.269]],"c":false},"ix":2},"nm":"Path 1","mn":"ADBE Vector Shape - Group","hd":false},{"ty":"st","c":{"a":0,"k":[0.071,0.075,0.192,1],"ix":3,"x":"var $bm_rt;\n$bm_rt = comp('wired-lineal-2096-siren').layer('control').effect('primary')('Color');"},"o":{"a":0,"k":100,"ix":4},"w":{"a":0,"k":7,"ix":5,"x":"var $bm_rt;\n$bm_rt = $bm_mul($bm_div(value, 2), comp('wired-lineal-2096-siren').layer('control').effect('stroke')('Menu'));"},"lc":2,"lj":2,"bm":0,"nm":".primary","mn":"ADBE Vector Graphic - Stroke","hd":false,"cl":"primary"},{"ty":"tr","p":{"a":0,"k":[250,336.805],"ix":2},"a":{"a":0,"k":[0,0],"ix":1},"s":{"a":0,"k":[100,100],"ix":3},"r":{"a":0,"k":0,"ix":6},"o":{"a":0,"k":100,"ix":7},"sk":{"a":0,"k":0,"ix":4},"sa":{"a":0,"k":0,"ix":5},"nm":"Transform"}],"nm":"Group 2","np":2,"cix":2,"bm":0,"ix":2,"mn":"ADBE Vector Group","hd":false},{"ty":"gr","it":[{"ind":0,"ty":"sh","ix":1,"ks":{"a":0,"k":{"i":[[0,0],[0,0],[0,0],[0,0]],"o":[[0,0],[0,0],[0,0],[0,0]],"v":[[111.194,16.679],[-111.194,16.679],[-111.194,-16.679],[111.194,-16.679]],"c":true},"ix":2},"nm":"Path 1","mn":"ADBE Vector Shape - Group","hd":false},{"ty":"st","c":{"a":0,"k":[0.071,0.075,0.192,1],"ix":3,"x":"var $bm_rt;\n$bm_rt = comp('wired-lineal-2096-siren').layer('control').effect('primary')('Color');"},"o":{"a":0,"k":100,"ix":4},"w":{"a":0,"k":7,"ix":5,"x":"var $bm_rt;\n$bm_rt = $bm_mul($bm_div(value, 2), comp('wired-lineal-2096-siren').layer('control').effect('stroke')('Menu'));"},"lc":2,"lj":2,"bm":0,"nm":".primary","mn":"ADBE Vector Graphic - Stroke","hd":false,"cl":"primary"},{"ty":"tr","p":{"a":0,"k":[250,366.754],"ix":2},"a":{"a":0,"k":[0,0],"ix":1},"s":{"a":0,"k":[100,100],"ix":3},"r":{"a":0,"k":0,"ix":6},"o":{"a":0,"k":100,"ix":7},"sk":{"a":0,"k":0,"ix":4},"sa":{"a":0,"k":0,"ix":5},"nm":"Transform"}],"nm":"Group 3","np":2,"cix":2,"bm":0,"ix":3,"mn":"ADBE Vector Group","hd":false},{"ty":"gr","it":[{"ind":0,"ty":"sh","ix":1,"ks":{"a":0,"k":{"i":[[0,0],[0,0],[24.448,0],[0,0],[2.824,-24.285],[0,0]],"o":[[0,0],[-2.824,-24.285],[0,0],[-24.448,0],[0,0],[0,0]],"v":[[97.676,103.484],[78.565,-60.883],[30.723,-103.484],[-30.723,-103.484],[-78.565,-60.883],[-97.676,103.484]],"c":false},"ix":2},"nm":"Path 1","mn":"ADBE Vector Shape - Group","hd":false},{"ty":"st","c":{"a":0,"k":[0.071,0.075,0.192,1],"ix":3,"x":"var $bm_rt;\n$bm_rt = comp('wired-lineal-2096-siren').layer('control').effect('primary')('Color');"},"o":{"a":0,"k":100,"ix":4},"w":{"a":0,"k":7,"ix":5,"x":"var $bm_rt;\n$bm_rt = $bm_mul($bm_div(value, 2), comp('wired-lineal-2096-siren').layer('control').effect('stroke')('Menu'));"},"lc":2,"lj":2,"bm":0,"nm":".primary","mn":"ADBE Vector Graphic - Stroke","hd":false,"cl":"primary"},{"ty":"tr","p":{"a":0,"k":[250,220.052],"ix":2},"a":{"a":0,"k":[0,0],"ix":1},"s":{"a":0,"k":[100,100],"ix":3},"r":{"a":0,"k":0,"ix":6},"o":{"a":0,"k":100,"ix":7},"sk":{"a":0,"k":0,"ix":4},"sa":{"a":0,"k":0,"ix":5},"nm":"Transform"}],"nm":"Group 5","np":2,"cix":2,"bm":0,"ix":4,"mn":"ADBE Vector Group","hd":false}],"ip":0,"op":300,"st":0,"ct":1,"bm":0},{"ddd":0,"ind":11,"ty":4,"nm":"Middle-ball 2","sr":1,"ks":{"o":{"a":0,"k":100,"ix":11},"r":{"a":0,"k":0,"ix":10},"p":{"a":0,"k":[216.5,215,0],"ix":2,"l":2},"a":{"a":0,"k":[250,250,0],"ix":1,"l":2},"s":{"a":0,"k":[100,100,100],"ix":6,"l":2}},"ao":0,"shapes":[{"ty":"gr","it":[{"ind":0,"ty":"sh","ix":1,"ks":{"a":0,"k":{"i":[[0,10.665],[-9.77,2.789],[2.227,0],[0,-12.893],[-12.893,0],[-2.04,0.582]],"o":[[0,-10.666],[-2.04,-0.583],[-12.893,0],[0,12.892],[2.227,0],[-9.77,-2.79]],"v":[[-2.044,0],[14.881,-22.443],[8.463,-23.344],[-14.881,0],[8.463,23.344],[14.881,22.443]],"c":true},"ix":2},"nm":"Path 1","mn":"ADBE Vector Shape - Group","hd":false},{"ty":"fl","c":{"a":0,"k":[0.922,0.902,0.937,1],"ix":4,"x":"var $bm_rt;\n$bm_rt = comp('wired-lineal-2096-siren').layer('control').effect('tertiary')('Color');"},"o":{"a":0,"k":100,"ix":5},"r":1,"bm":0,"nm":".tertiary","mn":"ADBE Vector Graphic - Fill","hd":false,"cl":"tertiary"},{"ty":"tr","p":{"a":0,"k":[240.09,233.314],"ix":2},"a":{"a":0,"k":[0,0],"ix":1},"s":{"a":0,"k":[100,100],"ix":3},"r":{"a":0,"k":0,"ix":6},"o":{"a":0,"k":50,"ix":7},"sk":{"a":0,"k":0,"ix":4},"sa":{"a":0,"k":0,"ix":5},"nm":"Transform"}],"nm":"Group 5","np":2,"cix":2,"bm":1,"ix":1,"mn":"ADBE Vector Group","hd":false},{"ty":"gr","it":[{"ind":0,"ty":"sh","ix":1,"ks":{"a":0,"k":{"i":[[0,-12.892],[12.892,0],[0,12.892],[-12.892,0]],"o":[[0,12.892],[-12.892,0],[0,-12.892],[12.892,0]],"v":[[23.344,0],[0,23.344],[-23.344,0],[0,-23.344]],"c":true},"ix":2},"nm":"Path 1","mn":"ADBE Vector Shape - Group","hd":false},{"ty":"fl","c":{"a":0,"k":[0.922,0.902,0.937,1],"ix":4,"x":"var $bm_rt;\n$bm_rt = comp('wired-lineal-2096-siren').layer('control').effect('tertiary')('Color');"},"o":{"a":0,"k":100,"ix":5},"r":1,"bm":0,"nm":".tertiary","mn":"ADBE Vector Graphic - Fill","hd":false,"cl":"tertiary"},{"ty":"tr","p":{"a":0,"k":[248.553,233.314],"ix":2},"a":{"a":0,"k":[0,0],"ix":1},"s":{"a":0,"k":[100,100],"ix":3},"r":{"a":0,"k":0,"ix":6},"o":{"a":0,"k":100,"ix":7},"sk":{"a":0,"k":0,"ix":4},"sa":{"a":0,"k":0,"ix":5},"nm":"Transform"}],"nm":"Group 6","np":2,"cix":2,"bm":0,"ix":2,"mn":"ADBE Vector Group","hd":false}],"ip":0,"op":300,"st":0,"ct":1,"bm":0},{"ddd":0,"ind":12,"ty":4,"nm":"Warstwa 4","sr":1,"ks":{"o":{"a":1,"k":[{"t":0,"s":[0],"h":1},{"i":{"x":[0.833],"y":[0.833]},"o":{"x":[0.167],"y":[0.167]},"t":23,"s":[100]},{"t":24,"s":[100],"h":1},{"t":40,"s":[0],"h":1},{"i":{"x":[0.833],"y":[0.833]},"o":{"x":[0.167],"y":[0.167]},"t":62,"s":[100]},{"i":{"x":[0.833],"y":[0.833]},"o":{"x":[0.167],"y":[0.167]},"t":78,"s":[100]},{"t":79,"s":[0],"h":1},{"t":107,"s":[100],"h":1}],"ix":11},"r":{"a":0,"k":0,"ix":10},"p":{"a":0,"k":[216.5,215,0],"ix":2,"l":2},"a":{"a":0,"k":[250,250,0],"ix":1,"l":2},"s":{"a":0,"k":[100,100,100],"ix":6,"l":2}},"ao":0,"shapes":[{"ty":"gr","it":[{"ind":0,"ty":"sh","ix":1,"ks":{"a":1,"k":[{"i":{"x":0.833,"y":0.833},"o":{"x":0.167,"y":0.167},"t":0,"s":[{"i":[[0,0],[0,0],[0,0],[0,0]],"o":[[0,0],[0,0],[0,0],[0,0]],"v":[[-37.834,16.675],[-38.156,16.48],[-38.166,-18.78],[-37.921,-18.925]],"c":true}]},{"i":{"x":0.833,"y":0.833},"o":{"x":0.167,"y":0.167},"t":9,"s":[{"i":[[0,0],[0,0],[0,0],[0,0]],"o":[[0,0],[0,0],[0,0],[0,0]],"v":[[-37.834,16.675],[-38.156,16.48],[-38.166,-18.78],[-37.921,-18.925]],"c":true}]},{"i":{"x":0.833,"y":0.833},"o":{"x":0.167,"y":0.167},"t":23,"s":[{"i":[[0,0],[0,0],[0,0],[0,0]],"o":[[0,0],[0,0],[0,0],[0,0]],"v":[[-37.834,16.675],[-38.156,16.48],[-38.166,-18.78],[-37.921,-18.925]],"c":true}]},{"i":{"x":0.833,"y":0.833},"o":{"x":0.167,"y":0.167},"t":32,"s":[{"i":[[0,0],[0,0],[0,0],[0,0]],"o":[[0,0],[0,0],[0,0],[0,0]],"v":[[30.566,34.9],[-23.406,20.605],[-24.541,-21.905],[22.829,-35.125]],"c":true}]},{"i":{"x":0.833,"y":0.833},"o":{"x":0.167,"y":0.167},"t":33,"s":[{"i":[[0,0],[0,0],[0,0],[0,0]],"o":[[0,0],[0,0],[0,0],[0,0]],"v":[[38.166,36.925],[-16.156,22.73],[-17.916,-23.78],[29.579,-36.925]],"c":true}]},{"t":40,"s":[{"i":[[0,0],[0,0],[0,0],[0,0]],"o":[[0,0],[0,0],[0,0],[0,0]],"v":[[38.166,36.925],[38.094,37.23],[29.334,-36.78],[29.579,-36.925]],"c":true}],"h":1},{"i":{"x":0.833,"y":0.833},"o":{"x":0.167,"y":0.167},"t":61,"s":[{"i":[[0,0],[0,0],[0,0],[0,0]],"o":[[0,0],[0,0],[0,0],[0,0]],"v":[[-37.834,16.675],[-38.156,16.48],[-38.166,-18.78],[-37.921,-18.925]],"c":true}]},{"i":{"x":0.833,"y":0.833},"o":{"x":0.167,"y":0.167},"t":70,"s":[{"i":[[0,0],[0,0],[0,0],[0,0]],"o":[[0,0],[0,0],[0,0],[0,0]],"v":[[30.566,34.9],[-23.406,20.605],[-24.541,-21.905],[22.829,-35.125]],"c":true}]},{"i":{"x":0.833,"y":0.833},"o":{"x":0.167,"y":0.167},"t":71,"s":[{"i":[[0,0],[0,0],[0,0],[0,0]],"o":[[0,0],[0,0],[0,0],[0,0]],"v":[[38.166,36.925],[-16.156,22.73],[-17.916,-23.78],[29.579,-36.925]],"c":true}]},{"t":78,"s":[{"i":[[0,0],[0,0],[0,0],[0,0]],"o":[[0,0],[0,0],[0,0],[0,0]],"v":[[38.166,36.925],[38.094,37.23],[29.334,-36.78],[29.579,-36.925]],"c":true}],"h":1},{"i":{"x":0.833,"y":0.833},"o":{"x":0.167,"y":0.167},"t":106,"s":[{"i":[[0,0],[0,0],[0,0],[0,0]],"o":[[0,0],[0,0],[0,0],[0,0]],"v":[[-37.834,16.675],[-38.156,16.48],[-38.166,-18.78],[-37.921,-18.925]],"c":true}]},{"t":116,"s":[{"i":[[0,0],[0,0],[0,0],[0,0]],"o":[[0,0],[0,0],[0,0],[0,0]],"v":[[38.166,36.925],[-38.156,16.48],[-38.166,-18.78],[29.579,-36.925]],"c":true}]}],"ix":2},"nm":"Path 1","mn":"ADBE Vector Shape - Group","hd":false},{"ty":"st","c":{"a":0,"k":[0.071,0.075,0.192,1],"ix":3,"x":"var $bm_rt;\n$bm_rt = comp('wired-lineal-2096-siren').layer('control').effect('primary')('Color');"},"o":{"a":0,"k":100,"ix":4},"w":{"a":0,"k":7,"ix":5,"x":"var $bm_rt;\n$bm_rt = $bm_mul($bm_div(value, 2), comp('wired-lineal-2096-siren').layer('control').effect('stroke')('Menu'));"},"lc":2,"lj":2,"bm":0,"nm":".primary","mn":"ADBE Vector Graphic - Stroke","hd":false,"cl":"primary"},{"ty":"fl","c":{"a":0,"k":[0.949,0.298,0,1],"ix":4,"x":"var $bm_rt;\n$bm_rt = comp('wired-lineal-2096-siren').layer('control').effect('quaternary')('Color');"},"o":{"a":0,"k":100,"ix":5},"r":1,"bm":0,"nm":".quaternary","mn":"ADBE Vector Graphic - Fill","hd":false,"cl":"quaternary"},{"ty":"tr","p":{"a":0,"k":[302.109,234.463],"ix":2},"a":{"a":0,"k":[0,0],"ix":1},"s":{"a":0,"k":[100,100],"ix":3},"r":{"a":0,"k":0,"ix":6},"o":{"a":0,"k":100,"ix":7},"sk":{"a":0,"k":0,"ix":4},"sa":{"a":0,"k":0,"ix":5},"nm":"Transform"}],"nm":"Group 15","np":3,"cix":2,"bm":0,"ix":1,"mn":"ADBE Vector Group","hd":false},{"ty":"gr","it":[{"ind":0,"ty":"sh","ix":1,"ks":{"a":1,"k":[{"i":{"x":0.833,"y":0.833},"o":{"x":0.167,"y":0.167},"t":0,"s":[{"i":[[0,0],[0,0],[0,0],[0,0]],"o":[[0,0],[0,0],[0,0],[0,0]],"v":[[38.084,16.925],[38.156,16.48],[38.166,-18.78],[38.171,-18.675]],"c":true}]},{"i":{"x":0.833,"y":0.833},"o":{"x":0.167,"y":0.167},"t":9,"s":[{"i":[[0,0],[0,0],[0,0],[0,0]],"o":[[0,0],[0,0],[0,0],[0,0]],"v":[[38.084,16.925],[38.156,16.48],[38.166,-18.78],[38.171,-18.675]],"c":true}]},{"i":{"x":0.833,"y":0.833},"o":{"x":0.167,"y":0.167},"t":23,"s":[{"i":[[0,0],[0,0],[0,0],[0,0]],"o":[[0,0],[0,0],[0,0],[0,0]],"v":[[38.084,16.925],[38.156,16.48],[38.166,-18.78],[38.171,-18.675]],"c":true}]},{"i":{"x":0.833,"y":0.833},"o":{"x":0.167,"y":0.167},"t":32,"s":[{"i":[[0,0],[0,0],[0,0],[0,0]],"o":[[0,0],[0,0],[0,0],[0,0]],"v":[[-30.541,34.925],[22.744,20.755],[24.666,-21.93],[-22.805,-35.1]],"c":true}]},{"i":{"x":0.833,"y":0.833},"o":{"x":0.167,"y":0.167},"t":33,"s":[{"i":[[0,0],[0,0],[0,0],[0,0]],"o":[[0,0],[0,0],[0,0],[0,0]],"v":[[-38.166,36.925],[16.031,22.48],[17.791,-24.155],[-29.579,-36.925]],"c":true}]},{"t":40,"s":[{"i":[[0,0],[0,0],[0,0],[0,0]],"o":[[0,0],[0,0],[0,0],[0,0]],"v":[[-38.166,36.925],[-37.853,37.224],[-29.49,-36.702],[-29.579,-36.925]],"c":true}],"h":1},{"i":{"x":0.833,"y":0.833},"o":{"x":0.167,"y":0.167},"t":61,"s":[{"i":[[0,0],[0,0],[0,0],[0,0]],"o":[[0,0],[0,0],[0,0],[0,0]],"v":[[38.084,16.925],[38.156,16.48],[38.166,-18.78],[38.171,-18.675]],"c":true}]},{"i":{"x":0.833,"y":0.833},"o":{"x":0.167,"y":0.167},"t":70,"s":[{"i":[[0,0],[0,0],[0,0],[0,0]],"o":[[0,0],[0,0],[0,0],[0,0]],"v":[[-30.541,34.925],[22.744,20.755],[24.666,-21.93],[-22.805,-35.1]],"c":true}]},{"i":{"x":0.833,"y":0.833},"o":{"x":0.167,"y":0.167},"t":71,"s":[{"i":[[0,0],[0,0],[0,0],[0,0]],"o":[[0,0],[0,0],[0,0],[0,0]],"v":[[-38.166,36.925],[16.031,22.48],[17.791,-24.155],[-29.579,-36.925]],"c":true}]},{"t":78,"s":[{"i":[[0,0],[0,0],[0,0],[0,0]],"o":[[0,0],[0,0],[0,0],[0,0]],"v":[[-38.166,36.925],[-37.853,37.224],[-29.49,-36.702],[-29.579,-36.925]],"c":true}],"h":1},{"i":{"x":0.833,"y":0.833},"o":{"x":0.167,"y":0.167},"t":106,"s":[{"i":[[0,0],[0,0],[0,0],[0,0]],"o":[[0,0],[0,0],[0,0],[0,0]],"v":[[38.084,16.925],[38.156,16.48],[38.166,-18.78],[38.171,-18.675]],"c":true}]},{"t":116,"s":[{"i":[[0,0],[0,0],[0,0],[0,0]],"o":[[0,0],[0,0],[0,0],[0,0]],"v":[[-38.166,36.925],[38.156,16.48],[38.166,-18.78],[-29.579,-36.925]],"c":true}]}],"ix":2},"nm":"Path 1","mn":"ADBE Vector Shape - Group","hd":false},{"ty":"st","c":{"a":0,"k":[0.071,0.075,0.192,1],"ix":3,"x":"var $bm_rt;\n$bm_rt = comp('wired-lineal-2096-siren').layer('control').effect('primary')('Color');"},"o":{"a":0,"k":100,"ix":4},"w":{"a":0,"k":7,"ix":5,"x":"var $bm_rt;\n$bm_rt = $bm_mul($bm_div(value, 2), comp('wired-lineal-2096-siren').layer('control').effect('stroke')('Menu'));"},"lc":2,"lj":2,"bm":0,"nm":".primary","mn":"ADBE Vector Graphic - Stroke","hd":false,"cl":"primary"},{"ty":"fl","c":{"a":0,"k":[0.949,0.298,0,1],"ix":4,"x":"var $bm_rt;\n$bm_rt = comp('wired-lineal-2096-siren').layer('control').effect('quaternary')('Color');"},"o":{"a":0,"k":100,"ix":5},"r":1,"bm":0,"nm":".quaternary","mn":"ADBE Vector Graphic - Fill","hd":false,"cl":"quaternary"},{"ty":"fl","c":{"a":0,"k":[0.949,0.298,0,1],"ix":4,"x":"var $bm_rt;\n$bm_rt = comp('wired-lineal-2096-siren').layer('control').effect('quaternary')('Color');"},"o":{"a":0,"k":100,"ix":5},"r":1,"bm":0,"nm":".quaternary","mn":"ADBE Vector Graphic - Fill","hd":false,"cl":"quaternary"},{"ty":"tr","p":{"a":0,"k":[195.106,234.463],"ix":2},"a":{"a":0,"k":[0,0],"ix":1},"s":{"a":0,"k":[100,100],"ix":3},"r":{"a":0,"k":0,"ix":6},"o":{"a":0,"k":100,"ix":7},"sk":{"a":0,"k":0,"ix":4},"sa":{"a":0,"k":0,"ix":5},"nm":"Transform"}],"nm":"Group 16","np":4,"cix":2,"bm":0,"ix":2,"mn":"ADBE Vector Group","hd":false}],"ip":0,"op":300,"st":0,"ct":1,"bm":0},{"ddd":0,"ind":13,"ty":4,"nm":"Base 2","sr":1,"ks":{"o":{"a":0,"k":100,"ix":11},"r":{"a":0,"k":0,"ix":10},"p":{"a":0,"k":[216.5,215,0],"ix":2,"l":2},"a":{"a":0,"k":[250,250,0],"ix":1,"l":2},"s":{"a":0,"k":[100,100,100],"ix":6,"l":2}},"ao":0,"shapes":[{"ty":"gr","it":[{"ty":"gr","it":[{"ind":0,"ty":"sh","ix":1,"ks":{"a":0,"k":{"i":[[0,0],[0,0],[0,0],[0,0]],"o":[[0,0],[0,0],[0,0],[0,0]],"v":[[12.26,13.269],[12.26,-13.269],[-12.26,-13.269],[-12.26,13.269]],"c":false},"ix":2},"nm":"Path 1","mn":"ADBE Vector Shape - Group","hd":false},{"ty":"fl","c":{"a":0,"k":[0.922,0.902,0.937,1],"ix":4,"x":"var $bm_rt;\n$bm_rt = comp('wired-lineal-2096-siren').layer('control').effect('tertiary')('Color');"},"o":{"a":0,"k":100,"ix":5},"r":1,"bm":0,"nm":".tertiary","mn":"ADBE Vector Graphic - Fill","hd":false,"cl":"tertiary"},{"ty":"tr","p":{"a":0,"k":[163.136,336.805],"ix":2},"a":{"a":0,"k":[0,0],"ix":1},"s":{"a":0,"k":[100,100],"ix":3},"r":{"a":0,"k":0,"ix":6},"o":{"a":0,"k":50,"ix":7},"sk":{"a":0,"k":0,"ix":4},"sa":{"a":0,"k":0,"ix":5},"nm":"Transform"}],"nm":"Group 1","np":2,"cix":2,"bm":1,"ix":1,"mn":"ADBE Vector Group","hd":false},{"ty":"gr","it":[{"ind":0,"ty":"sh","ix":1,"ks":{"a":0,"k":{"i":[[-1.657,0],[0,0],[0,0],[0,0],[0,-1.657],[0,0]],"o":[[0,0],[0,0],[0,0],[-1.657,0],[0,0],[0,1.657]],"v":[[-9.26,16.679],[12.26,16.679],[12.26,-16.679],[-9.26,-16.679],[-12.26,-13.679],[-12.26,13.679]],"c":true},"ix":2},"nm":"Path 1","mn":"ADBE Vector Shape - Group","hd":false},{"ty":"fl","c":{"a":0,"k":[0.922,0.902,0.937,1],"ix":4,"x":"var $bm_rt;\n$bm_rt = comp('wired-lineal-2096-siren').layer('control').effect('tertiary')('Color');"},"o":{"a":0,"k":100,"ix":5},"r":1,"bm":0,"nm":".tertiary","mn":"ADBE Vector Graphic - Fill","hd":false,"cl":"tertiary"},{"ty":"tr","p":{"a":0,"k":[149.619,366.754],"ix":2},"a":{"a":0,"k":[0,0],"ix":1},"s":{"a":0,"k":[100,100],"ix":3},"r":{"a":0,"k":0,"ix":6},"o":{"a":0,"k":50,"ix":7},"sk":{"a":0,"k":0,"ix":4},"sa":{"a":0,"k":0,"ix":5},"nm":"Transform"}],"nm":"Group 2","np":2,"cix":2,"bm":1,"ix":2,"mn":"ADBE Vector Group","hd":false},{"ty":"gr","it":[{"ind":0,"ty":"sh","ix":1,"ks":{"a":0,"k":{"i":[[0,0],[0,0],[0,0],[0,0]],"o":[[0,0],[0,0],[0,0],[0,0]],"v":[[-97.676,13.269],[-97.676,-13.269],[97.676,-13.269],[97.676,13.269]],"c":false},"ix":2},"nm":"Path 1","mn":"ADBE Vector Shape - Group","hd":false},{"ty":"fl","c":{"a":0,"k":[0.922,0.902,0.937,1],"ix":4,"x":"var $bm_rt;\n$bm_rt = comp('wired-lineal-2096-siren').layer('control').effect('tertiary')('Color');"},"o":{"a":0,"k":100,"ix":5},"r":1,"bm":0,"nm":".tertiary","mn":"ADBE Vector Graphic - Fill","hd":false,"cl":"tertiary"},{"ty":"tr","p":{"a":0,"k":[248.553,336.805],"ix":2},"a":{"a":0,"k":[0,0],"ix":1},"s":{"a":0,"k":[100,100],"ix":3},"r":{"a":0,"k":0,"ix":6},"o":{"a":0,"k":100,"ix":7},"sk":{"a":0,"k":0,"ix":4},"sa":{"a":0,"k":0,"ix":5},"nm":"Transform"}],"nm":"Group 3","np":2,"cix":2,"bm":0,"ix":3,"mn":"ADBE Vector Group","hd":false},{"ty":"gr","it":[{"ind":0,"ty":"sh","ix":1,"ks":{"a":0,"k":{"i":[[1.657,0],[0,0],[0,1.657],[0,0],[-1.657,0],[0,0],[0,-1.657],[0,0]],"o":[[0,0],[-1.657,0],[0,0],[0,-1.657],[0,0],[1.657,0],[0,0],[0,1.657]],"v":[[108.194,16.679],[-108.194,16.679],[-111.194,13.679],[-111.194,-13.679],[-108.194,-16.679],[108.194,-16.679],[111.194,-13.679],[111.194,13.679]],"c":true},"ix":2},"nm":"Path 1","mn":"ADBE Vector Shape - Group","hd":false},{"ty":"fl","c":{"a":0,"k":[0.922,0.902,0.937,1],"ix":4,"x":"var $bm_rt;\n$bm_rt = comp('wired-lineal-2096-siren').layer('control').effect('tertiary')('Color');"},"o":{"a":0,"k":100,"ix":5},"r":1,"bm":0,"nm":".tertiary","mn":"ADBE Vector Graphic - Fill","hd":false,"cl":"tertiary"},{"ty":"tr","p":{"a":0,"k":[248.553,366.754],"ix":2},"a":{"a":0,"k":[0,0],"ix":1},"s":{"a":0,"k":[100,100],"ix":3},"r":{"a":0,"k":0,"ix":6},"o":{"a":0,"k":100,"ix":7},"sk":{"a":0,"k":0,"ix":4},"sa":{"a":0,"k":0,"ix":5},"nm":"Transform"}],"nm":"Group 4","np":2,"cix":2,"bm":0,"ix":4,"mn":"ADBE Vector Group","hd":false},{"ty":"tr","p":{"a":0,"k":[248.553,366.754],"ix":2},"a":{"a":0,"k":[248.553,366.754],"ix":1},"s":{"a":0,"k":[100,100],"ix":3},"r":{"a":0,"k":0,"ix":6},"o":{"a":0,"k":100,"ix":7},"sk":{"a":0,"k":0,"ix":4},"sa":{"a":0,"k":0,"ix":5},"nm":"Transform"}],"nm":"Group 4","np":4,"cix":2,"bm":0,"ix":1,"mn":"ADBE Vector Group","hd":false},{"ty":"gr","it":[{"ind":0,"ty":"sh","ix":1,"ks":{"a":0,"k":{"i":[[0,0],[0,0],[24.448,0],[0,0],[2.824,-24.285],[0,0]],"o":[[0,0],[-2.824,-24.285],[0,0],[-24.448,0],[0,0],[0,0]],"v":[[97.676,103.484],[78.565,-60.883],[30.723,-103.484],[-30.723,-103.484],[-78.565,-60.883],[-97.676,103.484]],"c":false},"ix":2},"nm":"Path 1","mn":"ADBE Vector Shape - Group","hd":false},{"ty":"fl","c":{"a":0,"k":[0.294,0.702,0.992,1],"ix":4,"x":"var $bm_rt;\n$bm_rt = comp('wired-lineal-2096-siren').layer('control').effect('secondary')('Color');"},"o":{"a":0,"k":100,"ix":5},"r":1,"bm":0,"nm":".secondary","mn":"ADBE Vector Graphic - Fill","hd":false,"cl":"secondary"},{"ty":"tr","p":{"a":0,"k":[248.553,220.052],"ix":2},"a":{"a":0,"k":[0,0],"ix":1},"s":{"a":0,"k":[100,100],"ix":3},"r":{"a":0,"k":0,"ix":6},"o":{"a":0,"k":100,"ix":7},"sk":{"a":0,"k":0,"ix":4},"sa":{"a":0,"k":0,"ix":5},"nm":"Transform"}],"nm":"Group 18","np":2,"cix":2,"bm":0,"ix":2,"mn":"ADBE Vector Group","hd":false}],"ip":0,"op":300,"st":0,"ct":1,"bm":0}]}],"layers":[{"ddd":0,"ind":1,"ty":3,"nm":"control","sr":1,"ks":{"o":{"a":0,"k":0,"ix":11},"r":{"a":0,"k":0,"ix":10},"p":{"a":0,"k":[0,0],"ix":2,"l":2},"a":{"a":0,"k":[0,0,0],"ix":1,"l":2},"s":{"a":0,"k":[100,100,100],"ix":6,"l":2}},"ao":0,"ef":[{"ty":5,"nm":"stroke","np":3,"mn":"Pseudo/@@B5fyznVRTsGZDfmjWYLa2w","ix":1,"en":1,"ef":[{"ty":7,"nm":"Menu","mn":"Pseudo/@@B5fyznVRTsGZDfmjWYLa2w-0001","ix":1,"v":{"a":0,"k":2,"ix":1}}]},{"ty":5,"nm":"primary","np":3,"mn":"ADBE Color Control","ix":2,"en":1,"ef":[{"ty":2,"nm":"Color","mn":"ADBE Color Control-0001","ix":1,"v":{"a":0,"k":[0.071,0.075,0.192],"ix":1}}]},{"ty":5,"nm":"secondary","np":3,"mn":"ADBE Color Control","ix":3,"en":1,"ef":[{"ty":2,"nm":"Color","mn":"ADBE Color Control-0001","ix":1,"v":{"a":0,"k":[0.294,0.702,0.992],"ix":1}}]},{"ty":5,"nm":"tertiary","np":3,"mn":"ADBE Color Control","ix":4,"en":1,"ef":[{"ty":2,"nm":"Color","mn":"ADBE Color Control-0001","ix":1,"v":{"a":0,"k":[0.922,0.902,0.937],"ix":1}}]},{"ty":5,"nm":"quaternary","np":3,"mn":"ADBE Color Control","ix":5,"en":1,"ef":[{"ty":2,"nm":"Color","mn":"ADBE Color Control-0001","ix":1,"v":{"a":0,"k":[0.949,0.298,0],"ix":1}}]}],"ip":0,"op":121,"st":0,"bm":0},{"ddd":0,"ind":2,"ty":0,"nm":"hover-pinch","refId":"comp_0","sr":1,"ks":{"o":{"a":0,"k":100,"ix":11},"r":{"a":0,"k":0,"ix":10},"p":{"a":0,"k":[215,215,0],"ix":2,"l":2},"a":{"a":0,"k":[215,215,0],"ix":1,"l":2},"s":{"a":0,"k":[100,100,100],"ix":6,"l":2}},"ao":0,"w":430,"h":430,"ip":0,"op":130,"st":0,"bm":0}],"markers":[{"tm":0,"cm":"default:hover-pinch","dr":120}]}