{"v":"5.10.2","fr":60,"ip":0,"op":27,"w":430,"h":430,"nm":"wired-lineal-1309-load-balancer","ddd":0,"assets":[{"id":"comp_0","nm":"hover-pinch","fr":60,"layers":[{"ddd":0,"ind":1,"ty":4,"nm":"Dots","sr":1,"ks":{"o":{"a":0,"k":100,"ix":11},"r":{"a":0,"k":0,"ix":10},"p":{"a":0,"k":[271.801,130.374,0],"ix":2,"l":2},"a":{"a":0,"k":[306.801,165.374,0],"ix":1,"l":2},"s":{"a":0,"k":[100,100,100],"ix":6,"l":2}},"ao":0,"shapes":[{"ty":"gr","it":[{"ind":0,"ty":"sh","ix":1,"ks":{"a":0,"k":{"i":[[0,0],[0,0]],"o":[[0,0],[0,0]],"v":[[-0.084,0],[0.084,0]],"c":false},"ix":2},"nm":"Path 1","mn":"ADBE Vector Shape - Group","hd":false},{"ty":"st","c":{"a":0,"k":[1,0.78,0.22,1],"ix":3,"x":"var $bm_rt;\n$bm_rt = comp('wired-lineal-1309-load-balancer').layer('control').effect('tertiary')('Color');"},"o":{"a":0,"k":100,"ix":4},"w":{"a":0,"k":12.04,"ix":5,"x":"var $bm_rt;\n$bm_rt = $bm_mul($bm_div(value, 2), comp('wired-lineal-1309-load-balancer').layer('control').effect('stroke')('Menu'));"},"lc":2,"lj":2,"bm":0,"d":[{"n":"d","nm":"dash","v":{"a":0,"k":0.25,"ix":1}},{"n":"g","nm":"gap","v":{"a":0,"k":25,"ix":2}}],"nm":".tertiary","mn":"ADBE Vector Graphic - Stroke","hd":false,"cl":"tertiary"},{"ty":"tr","p":{"a":0,"k":[374.998,179.674],"ix":2},"a":{"a":0,"k":[0,0],"ix":1},"s":{"a":0,"k":[100,100],"ix":3},"r":{"a":0,"k":0,"ix":6},"o":{"a":1,"k":[{"t":0,"s":[100],"h":1},{"t":2.334,"s":[0],"h":1},{"t":7.004,"s":[100],"h":1},{"t":11.672,"s":[0],"h":1},{"t":21,"s":[100],"h":1}],"ix":7},"sk":{"a":0,"k":0,"ix":4},"sa":{"a":0,"k":0,"ix":5},"nm":"Transform"}],"nm":"Group 1","np":2,"cix":2,"bm":0,"ix":1,"mn":"ADBE Vector Group","hd":false},{"ty":"gr","it":[{"ind":0,"ty":"sh","ix":1,"ks":{"a":0,"k":{"i":[[0,0],[0,0]],"o":[[0,0],[0,0]],"v":[[-0.084,0],[0.084,0]],"c":false},"ix":2},"nm":"Path 1","mn":"ADBE Vector Shape - Group","hd":false},{"ty":"st","c":{"a":0,"k":[1,0.78,0.22,1],"ix":3,"x":"var $bm_rt;\n$bm_rt = comp('wired-lineal-1309-load-balancer').layer('control').effect('tertiary')('Color');"},"o":{"a":0,"k":100,"ix":4},"w":{"a":0,"k":12.04,"ix":5,"x":"var $bm_rt;\n$bm_rt = $bm_mul($bm_div(value, 2), comp('wired-lineal-1309-load-balancer').layer('control').effect('stroke')('Menu'));"},"lc":2,"lj":2,"bm":0,"d":[{"n":"d","nm":"dash","v":{"a":0,"k":0.25,"ix":1}},{"n":"g","nm":"gap","v":{"a":0,"k":25,"ix":2}}],"nm":".tertiary","mn":"ADBE Vector Graphic - Stroke","hd":false,"cl":"tertiary"},{"ty":"tr","p":{"a":0,"k":[347.719,179.674],"ix":2},"a":{"a":0,"k":[0,0],"ix":1},"s":{"a":0,"k":[100,100],"ix":3},"r":{"a":0,"k":0,"ix":6},"o":{"a":0,"k":100,"ix":7},"sk":{"a":0,"k":0,"ix":4},"sa":{"a":0,"k":0,"ix":5},"nm":"Transform"}],"nm":"Group 2","np":2,"cix":2,"bm":0,"ix":2,"mn":"ADBE Vector Group","hd":false},{"ty":"gr","it":[{"ind":0,"ty":"sh","ix":1,"ks":{"a":0,"k":{"i":[[0,0],[0,0]],"o":[[0,0],[0,0]],"v":[[-0.084,0],[0.084,0]],"c":false},"ix":2},"nm":"Path 1","mn":"ADBE Vector Shape - Group","hd":false},{"ty":"st","c":{"a":0,"k":[1,0.78,0.22,1],"ix":3,"x":"var $bm_rt;\n$bm_rt = comp('wired-lineal-1309-load-balancer').layer('control').effect('tertiary')('Color');"},"o":{"a":0,"k":100,"ix":4},"w":{"a":0,"k":12.04,"ix":5,"x":"var $bm_rt;\n$bm_rt = $bm_mul($bm_div(value, 2), comp('wired-lineal-1309-load-balancer').layer('control').effect('stroke')('Menu'));"},"lc":2,"lj":2,"bm":0,"d":[{"n":"d","nm":"dash","v":{"a":0,"k":0.25,"ix":1}},{"n":"g","nm":"gap","v":{"a":0,"k":25,"ix":2}}],"nm":".tertiary","mn":"ADBE Vector Graphic - Stroke","hd":false,"cl":"tertiary"},{"ty":"tr","p":{"a":0,"k":[320.44,179.674],"ix":2},"a":{"a":0,"k":[0,0],"ix":1},"s":{"a":0,"k":[100,100],"ix":3},"r":{"a":0,"k":0,"ix":6},"o":{"a":0,"k":100,"ix":7},"sk":{"a":0,"k":0,"ix":4},"sa":{"a":0,"k":0,"ix":5},"nm":"Transform"}],"nm":"Group 3","np":2,"cix":2,"bm":0,"ix":3,"mn":"ADBE Vector Group","hd":false},{"ty":"gr","it":[{"ind":0,"ty":"sh","ix":1,"ks":{"a":0,"k":{"i":[[0,0],[0,0]],"o":[[0,0],[0,0]],"v":[[-0.084,0],[0.084,0]],"c":false},"ix":2},"nm":"Path 1","mn":"ADBE Vector Shape - Group","hd":false},{"ty":"st","c":{"a":0,"k":[1,0.78,0.22,1],"ix":3,"x":"var $bm_rt;\n$bm_rt = comp('wired-lineal-1309-load-balancer').layer('control').effect('tertiary')('Color');"},"o":{"a":0,"k":100,"ix":4},"w":{"a":0,"k":12.04,"ix":5,"x":"var $bm_rt;\n$bm_rt = $bm_mul($bm_div(value, 2), comp('wired-lineal-1309-load-balancer').layer('control').effect('stroke')('Menu'));"},"lc":2,"lj":2,"bm":0,"d":[{"n":"d","nm":"dash","v":{"a":0,"k":0.25,"ix":1}},{"n":"g","nm":"gap","v":{"a":0,"k":25,"ix":2}}],"nm":".tertiary","mn":"ADBE Vector Graphic - Stroke","hd":false,"cl":"tertiary"},{"ty":"tr","p":{"a":0,"k":[293.161,179.674],"ix":2},"a":{"a":0,"k":[0,0],"ix":1},"s":{"a":0,"k":[100,100],"ix":3},"r":{"a":0,"k":0,"ix":6},"o":{"a":0,"k":100,"ix":7},"sk":{"a":0,"k":0,"ix":4},"sa":{"a":0,"k":0,"ix":5},"nm":"Transform"}],"nm":"Group 4","np":2,"cix":2,"bm":0,"ix":4,"mn":"ADBE Vector Group","hd":false},{"ty":"gr","it":[{"ind":0,"ty":"sh","ix":1,"ks":{"a":0,"k":{"i":[[0,0],[0,0]],"o":[[0,0],[0,0]],"v":[[-0.084,0],[0.084,0]],"c":false},"ix":2},"nm":"Path 1","mn":"ADBE Vector Shape - Group","hd":false},{"ty":"st","c":{"a":0,"k":[1,0.78,0.22,1],"ix":3,"x":"var $bm_rt;\n$bm_rt = comp('wired-lineal-1309-load-balancer').layer('control').effect('tertiary')('Color');"},"o":{"a":0,"k":100,"ix":4},"w":{"a":0,"k":12.04,"ix":5,"x":"var $bm_rt;\n$bm_rt = $bm_mul($bm_div(value, 2), comp('wired-lineal-1309-load-balancer').layer('control').effect('stroke')('Menu'));"},"lc":2,"lj":2,"bm":0,"d":[{"n":"d","nm":"dash","v":{"a":0,"k":0.25,"ix":1}},{"n":"g","nm":"gap","v":{"a":0,"k":25,"ix":2}}],"nm":".tertiary","mn":"ADBE Vector Graphic - Stroke","hd":false,"cl":"tertiary"},{"ty":"tr","p":{"a":0,"k":[265.883,179.674],"ix":2},"a":{"a":0,"k":[0,0],"ix":1},"s":{"a":0,"k":[100,100],"ix":3},"r":{"a":0,"k":0,"ix":6},"o":{"a":0,"k":100,"ix":7},"sk":{"a":0,"k":0,"ix":4},"sa":{"a":0,"k":0,"ix":5},"nm":"Transform"}],"nm":"Group 5","np":2,"cix":2,"bm":0,"ix":5,"mn":"ADBE Vector Group","hd":false},{"ty":"gr","it":[{"ind":0,"ty":"sh","ix":1,"ks":{"a":0,"k":{"i":[[0,0],[0,0]],"o":[[0,0],[0,0]],"v":[[-0.084,0],[0.084,0]],"c":false},"ix":2},"nm":"Path 1","mn":"ADBE Vector Shape - Group","hd":false},{"ty":"st","c":{"a":0,"k":[1,0.78,0.22,1],"ix":3,"x":"var $bm_rt;\n$bm_rt = comp('wired-lineal-1309-load-balancer').layer('control').effect('tertiary')('Color');"},"o":{"a":0,"k":100,"ix":4},"w":{"a":0,"k":12.04,"ix":5,"x":"var $bm_rt;\n$bm_rt = $bm_mul($bm_div(value, 2), comp('wired-lineal-1309-load-balancer').layer('control').effect('stroke')('Menu'));"},"lc":2,"lj":2,"bm":0,"d":[{"n":"d","nm":"dash","v":{"a":0,"k":0.25,"ix":1}},{"n":"g","nm":"gap","v":{"a":0,"k":25,"ix":2}}],"nm":".tertiary","mn":"ADBE Vector Graphic - Stroke","hd":false,"cl":"tertiary"},{"ty":"tr","p":{"a":0,"k":[238.604,179.674],"ix":2},"a":{"a":0,"k":[0,0],"ix":1},"s":{"a":0,"k":[100,100],"ix":3},"r":{"a":0,"k":0,"ix":6},"o":{"a":0,"k":100,"ix":7},"sk":{"a":0,"k":0,"ix":4},"sa":{"a":0,"k":0,"ix":5},"nm":"Transform"}],"nm":"Group 6","np":2,"cix":2,"bm":0,"ix":6,"mn":"ADBE Vector Group","hd":false},{"ty":"gr","it":[{"ind":0,"ty":"sh","ix":1,"ks":{"a":0,"k":{"i":[[0,0],[0,0]],"o":[[0,0],[0,0]],"v":[[-0.084,0],[0.084,0]],"c":false},"ix":2},"nm":"Path 1","mn":"ADBE Vector Shape - Group","hd":false},{"ty":"st","c":{"a":0,"k":[1,0.78,0.22,1],"ix":3,"x":"var $bm_rt;\n$bm_rt = comp('wired-lineal-1309-load-balancer').layer('control').effect('tertiary')('Color');"},"o":{"a":0,"k":100,"ix":4},"w":{"a":0,"k":12.04,"ix":5,"x":"var $bm_rt;\n$bm_rt = $bm_mul($bm_div(value, 2), comp('wired-lineal-1309-load-balancer').layer('control').effect('stroke')('Menu'));"},"lc":2,"lj":2,"bm":0,"d":[{"n":"d","nm":"dash","v":{"a":0,"k":0.25,"ix":1}},{"n":"g","nm":"gap","v":{"a":0,"k":25,"ix":2}}],"nm":".tertiary","mn":"ADBE Vector Graphic - Stroke","hd":false,"cl":"tertiary"},{"ty":"tr","p":{"a":0,"k":[374.998,151.074],"ix":2},"a":{"a":0,"k":[0,0],"ix":1},"s":{"a":0,"k":[100,100],"ix":3},"r":{"a":0,"k":0,"ix":6},"o":{"a":0,"k":100,"ix":7},"sk":{"a":0,"k":0,"ix":4},"sa":{"a":0,"k":0,"ix":5},"nm":"Transform"}],"nm":"Group 7","np":2,"cix":2,"bm":0,"ix":7,"mn":"ADBE Vector Group","hd":false},{"ty":"gr","it":[{"ind":0,"ty":"sh","ix":1,"ks":{"a":0,"k":{"i":[[0,0],[0,0]],"o":[[0,0],[0,0]],"v":[[-0.084,0],[0.084,0]],"c":false},"ix":2},"nm":"Path 1","mn":"ADBE Vector Shape - Group","hd":false},{"ty":"st","c":{"a":0,"k":[1,0.78,0.22,1],"ix":3,"x":"var $bm_rt;\n$bm_rt = comp('wired-lineal-1309-load-balancer').layer('control').effect('tertiary')('Color');"},"o":{"a":0,"k":100,"ix":4},"w":{"a":0,"k":12.04,"ix":5,"x":"var $bm_rt;\n$bm_rt = $bm_mul($bm_div(value, 2), comp('wired-lineal-1309-load-balancer').layer('control').effect('stroke')('Menu'));"},"lc":2,"lj":2,"bm":0,"d":[{"n":"d","nm":"dash","v":{"a":0,"k":0.25,"ix":1}},{"n":"g","nm":"gap","v":{"a":0,"k":25,"ix":2}}],"nm":".tertiary","mn":"ADBE Vector Graphic - Stroke","hd":false,"cl":"tertiary"},{"ty":"tr","p":{"a":0,"k":[347.719,151.074],"ix":2},"a":{"a":0,"k":[0,0],"ix":1},"s":{"a":0,"k":[100,100],"ix":3},"r":{"a":0,"k":0,"ix":6},"o":{"a":0,"k":100,"ix":7},"sk":{"a":0,"k":0,"ix":4},"sa":{"a":0,"k":0,"ix":5},"nm":"Transform"}],"nm":"Group 8","np":2,"cix":2,"bm":0,"ix":8,"mn":"ADBE Vector Group","hd":false},{"ty":"gr","it":[{"ind":0,"ty":"sh","ix":1,"ks":{"a":0,"k":{"i":[[0,0],[0,0]],"o":[[0,0],[0,0]],"v":[[-0.084,0],[0.084,0]],"c":false},"ix":2},"nm":"Path 1","mn":"ADBE Vector Shape - Group","hd":false},{"ty":"st","c":{"a":0,"k":[1,0.78,0.22,1],"ix":3,"x":"var $bm_rt;\n$bm_rt = comp('wired-lineal-1309-load-balancer').layer('control').effect('tertiary')('Color');"},"o":{"a":0,"k":100,"ix":4},"w":{"a":0,"k":12.04,"ix":5,"x":"var $bm_rt;\n$bm_rt = $bm_mul($bm_div(value, 2), comp('wired-lineal-1309-load-balancer').layer('control').effect('stroke')('Menu'));"},"lc":2,"lj":2,"bm":0,"d":[{"n":"d","nm":"dash","v":{"a":0,"k":0.25,"ix":1}},{"n":"g","nm":"gap","v":{"a":0,"k":25,"ix":2}}],"nm":".tertiary","mn":"ADBE Vector Graphic - Stroke","hd":false,"cl":"tertiary"},{"ty":"tr","p":{"a":0,"k":[320.44,151.074],"ix":2},"a":{"a":0,"k":[0,0],"ix":1},"s":{"a":0,"k":[100,100],"ix":3},"r":{"a":0,"k":0,"ix":6},"o":{"a":1,"k":[{"t":0,"s":[100],"h":1},{"t":1.703,"s":[0],"h":1},{"t":5.111,"s":[100],"h":1},{"t":8.518,"s":[0],"h":1},{"t":11.926,"s":[100],"h":1},{"t":16.186,"s":[0],"h":1},{"t":19.592,"s":[100],"h":1},{"t":23,"s":[0],"h":1},{"t":27,"s":[100],"h":1}],"ix":7},"sk":{"a":0,"k":0,"ix":4},"sa":{"a":0,"k":0,"ix":5},"nm":"Transform"}],"nm":"Group 9","np":2,"cix":2,"bm":0,"ix":9,"mn":"ADBE Vector Group","hd":false},{"ty":"gr","it":[{"ind":0,"ty":"sh","ix":1,"ks":{"a":0,"k":{"i":[[0,0],[0,0]],"o":[[0,0],[0,0]],"v":[[-0.084,0],[0.084,0]],"c":false},"ix":2},"nm":"Path 1","mn":"ADBE Vector Shape - Group","hd":false},{"ty":"st","c":{"a":0,"k":[1,0.78,0.22,1],"ix":3,"x":"var $bm_rt;\n$bm_rt = comp('wired-lineal-1309-load-balancer').layer('control').effect('tertiary')('Color');"},"o":{"a":0,"k":100,"ix":4},"w":{"a":0,"k":12.04,"ix":5,"x":"var $bm_rt;\n$bm_rt = $bm_mul($bm_div(value, 2), comp('wired-lineal-1309-load-balancer').layer('control').effect('stroke')('Menu'));"},"lc":2,"lj":2,"bm":0,"d":[{"n":"d","nm":"dash","v":{"a":0,"k":0.25,"ix":1}},{"n":"g","nm":"gap","v":{"a":0,"k":25,"ix":2}}],"nm":".tertiary","mn":"ADBE Vector Graphic - Stroke","hd":false,"cl":"tertiary"},{"ty":"tr","p":{"a":0,"k":[293.161,151.074],"ix":2},"a":{"a":0,"k":[0,0],"ix":1},"s":{"a":0,"k":[100,100],"ix":3},"r":{"a":0,"k":0,"ix":6},"o":{"a":0,"k":100,"ix":7},"sk":{"a":0,"k":0,"ix":4},"sa":{"a":0,"k":0,"ix":5},"nm":"Transform"}],"nm":"Group 10","np":2,"cix":2,"bm":0,"ix":10,"mn":"ADBE Vector Group","hd":false},{"ty":"gr","it":[{"ind":0,"ty":"sh","ix":1,"ks":{"a":0,"k":{"i":[[0,0],[0,0]],"o":[[0,0],[0,0]],"v":[[-0.084,0],[0.084,0]],"c":false},"ix":2},"nm":"Path 1","mn":"ADBE Vector Shape - Group","hd":false},{"ty":"st","c":{"a":0,"k":[1,0.78,0.22,1],"ix":3,"x":"var $bm_rt;\n$bm_rt = comp('wired-lineal-1309-load-balancer').layer('control').effect('tertiary')('Color');"},"o":{"a":0,"k":100,"ix":4},"w":{"a":0,"k":12.04,"ix":5,"x":"var $bm_rt;\n$bm_rt = $bm_mul($bm_div(value, 2), comp('wired-lineal-1309-load-balancer').layer('control').effect('stroke')('Menu'));"},"lc":2,"lj":2,"bm":0,"d":[{"n":"d","nm":"dash","v":{"a":0,"k":0.25,"ix":1}},{"n":"g","nm":"gap","v":{"a":0,"k":25,"ix":2}}],"nm":".tertiary","mn":"ADBE Vector Graphic - Stroke","hd":false,"cl":"tertiary"},{"ty":"tr","p":{"a":0,"k":[265.883,151.074],"ix":2},"a":{"a":0,"k":[0,0],"ix":1},"s":{"a":0,"k":[100,100],"ix":3},"r":{"a":0,"k":0,"ix":6},"o":{"a":0,"k":100,"ix":7},"sk":{"a":0,"k":0,"ix":4},"sa":{"a":0,"k":0,"ix":5},"nm":"Transform"}],"nm":"Group 11","np":2,"cix":2,"bm":0,"ix":11,"mn":"ADBE Vector Group","hd":false},{"ty":"gr","it":[{"ind":0,"ty":"sh","ix":1,"ks":{"a":0,"k":{"i":[[0,0],[0,0]],"o":[[0,0],[0,0]],"v":[[-0.084,0],[0.084,0]],"c":false},"ix":2},"nm":"Path 1","mn":"ADBE Vector Shape - Group","hd":false},{"ty":"st","c":{"a":0,"k":[1,0.78,0.22,1],"ix":3,"x":"var $bm_rt;\n$bm_rt = comp('wired-lineal-1309-load-balancer').layer('control').effect('tertiary')('Color');"},"o":{"a":0,"k":100,"ix":4},"w":{"a":0,"k":12.04,"ix":5,"x":"var $bm_rt;\n$bm_rt = $bm_mul($bm_div(value, 2), comp('wired-lineal-1309-load-balancer').layer('control').effect('stroke')('Menu'));"},"lc":2,"lj":2,"bm":0,"d":[{"n":"d","nm":"dash","v":{"a":0,"k":0.25,"ix":1}},{"n":"g","nm":"gap","v":{"a":0,"k":25,"ix":2}}],"nm":".tertiary","mn":"ADBE Vector Graphic - Stroke","hd":false,"cl":"tertiary"},{"ty":"tr","p":{"a":0,"k":[238.604,151.074],"ix":2},"a":{"a":0,"k":[0,0],"ix":1},"s":{"a":0,"k":[100,100],"ix":3},"r":{"a":0,"k":0,"ix":6},"o":{"a":1,"k":[{"t":0,"s":[100],"h":1},{"t":6,"s":[0],"h":1},{"t":14,"s":[0],"h":1},{"t":27,"s":[100],"h":1}],"ix":7},"sk":{"a":0,"k":0,"ix":4},"sa":{"a":0,"k":0,"ix":5},"nm":"Transform"}],"nm":"Group 12","np":2,"cix":2,"bm":0,"ix":12,"mn":"ADBE Vector Group","hd":false}],"ip":0,"op":844,"st":0,"ct":1,"bm":0},{"ddd":0,"ind":2,"ty":4,"nm":"outline 4","sr":1,"ks":{"o":{"a":0,"k":100,"ix":11},"r":{"a":0,"k":0,"ix":10},"p":{"a":0,"k":[164.348,234.344,0],"ix":2,"l":2},"a":{"a":0,"k":[0,0,0],"ix":1,"l":2},"s":{"a":0,"k":[100,100,100],"ix":6,"l":2}},"ao":0,"shapes":[{"ty":"gr","it":[{"ind":0,"ty":"sh","ix":1,"ks":{"a":0,"k":{"i":[[0,0],[0,0]],"o":[[0,0],[0,0]],"v":[[14.183,-26.687],[-14.183,26.687]],"c":false},"ix":2},"nm":"Path 1","mn":"ADBE Vector Shape - Group","hd":false},{"ind":1,"ty":"sh","ix":2,"ks":{"a":0,"k":{"i":[[0,0],[0,0]],"o":[[0,0],[0,0]],"v":[[115.823,26.815],[87.456,-26.558]],"c":false},"ix":2},"nm":"Path 2","mn":"ADBE Vector Shape - Group","hd":false},{"ty":"st","c":{"a":0,"k":[0.071,0.075,0.192,1],"ix":3,"x":"var $bm_rt;\n$bm_rt = comp('wired-lineal-1309-load-balancer').layer('control').effect('primary')('Color');"},"o":{"a":0,"k":100,"ix":4},"w":{"a":0,"k":7,"ix":5,"x":"var $bm_rt;\n$bm_rt = $bm_mul($bm_div(value, 2), comp('wired-lineal-1309-load-balancer').layer('control').effect('stroke')('Menu'));"},"lc":2,"lj":2,"bm":0,"nm":".primary","mn":"ADBE Vector Graphic - Stroke","hd":false,"cl":"primary"},{"ty":"tr","p":{"a":0,"k":[0,0],"ix":2},"a":{"a":0,"k":[0,0],"ix":1},"s":{"a":0,"k":[100,100],"ix":3},"r":{"a":0,"k":0,"ix":6},"o":{"a":0,"k":100,"ix":7},"sk":{"a":0,"k":0,"ix":4},"sa":{"a":0,"k":0,"ix":5},"nm":"Transform"}],"nm":"Group 1","np":3,"cix":2,"bm":0,"ix":1,"mn":"ADBE Vector Group","hd":false},{"ty":"gr","it":[{"ty":"st","c":{"a":0,"k":[0.071,0.075,0.192,1],"ix":3,"x":"var $bm_rt;\n$bm_rt = comp('wired-lineal-1309-load-balancer').layer('control').effect('primary')('Color');"},"o":{"a":0,"k":100,"ix":4},"w":{"a":0,"k":7,"ix":5,"x":"var $bm_rt;\n$bm_rt = $bm_mul($bm_div(value, 2), comp('wired-lineal-1309-load-balancer').layer('control').effect('stroke')('Menu'));"},"lc":2,"lj":2,"bm":0,"nm":".primary","mn":"ADBE Vector Graphic - Stroke","hd":false,"cl":"primary"},{"ty":"tr","p":{"a":0,"k":[0,0],"ix":2},"a":{"a":0,"k":[0,0],"ix":1},"s":{"a":0,"k":[100,100],"ix":3},"r":{"a":0,"k":0,"ix":6},"o":{"a":0,"k":100,"ix":7},"sk":{"a":0,"k":0,"ix":4},"sa":{"a":0,"k":0,"ix":5},"nm":"Transform"}],"nm":"Group 2","np":1,"cix":2,"bm":0,"ix":2,"mn":"ADBE Vector Group","hd":false}],"ip":0,"op":844,"st":0,"ct":1,"bm":0},{"ddd":0,"ind":3,"ty":4,"nm":"outline 3","sr":1,"ks":{"o":{"a":0,"k":100,"ix":11},"r":{"a":0,"k":0,"ix":10},"p":{"a":0,"k":[215,130.323,0],"ix":2,"l":2},"a":{"a":0,"k":[250,165.323,0],"ix":1,"l":2},"s":{"a":0,"k":[100,100,100],"ix":6,"l":2}},"ao":0,"shapes":[{"ty":"gr","it":[{"ind":0,"ty":"sh","ix":1,"ks":{"a":0,"k":{"i":[[0,-9.643],[-9.643,0],[0,9.643],[9.643,0]],"o":[[0,9.643],[9.643,0],[0,-9.643],[-9.643,0]],"v":[[-17.461,0],[0,17.461],[17.461,0],[0,-17.461]],"c":true},"ix":2},"nm":"Path 1","mn":"ADBE Vector Shape - Group","hd":false},{"ty":"st","c":{"a":0,"k":[0.071,0.075,0.192,1],"ix":3,"x":"var $bm_rt;\n$bm_rt = comp('wired-lineal-1309-load-balancer').layer('control').effect('primary')('Color');"},"o":{"a":0,"k":100,"ix":4},"w":{"a":0,"k":7,"ix":5,"x":"var $bm_rt;\n$bm_rt = $bm_mul($bm_div(value, 2), comp('wired-lineal-1309-load-balancer').layer('control').effect('stroke')('Menu'));"},"lc":2,"lj":2,"bm":0,"nm":".primary","mn":"ADBE Vector Graphic - Stroke","hd":false,"cl":"primary"},{"ty":"tr","p":{"a":0,"k":[139.173,165.323],"ix":2},"a":{"a":0,"k":[0,0],"ix":1},"s":{"a":0,"k":[100,100],"ix":3},"r":{"a":0,"k":0,"ix":6},"o":{"a":0,"k":100,"ix":7},"sk":{"a":0,"k":0,"ix":4},"sa":{"a":0,"k":0,"ix":5},"nm":"Transform"}],"nm":"Group 1","np":2,"cix":2,"bm":0,"ix":1,"mn":"ADBE Vector Group","hd":false},{"ty":"gr","it":[{"ind":0,"ty":"sh","ix":1,"ks":{"a":0,"k":{"i":[[8.22,0],[0,0],[0,8.22],[0,0],[-8.22,0],[0,0],[0,-8.22],[0,0]],"o":[[0,0],[-8.22,0],[0,0],[0,-8.22],[0,0],[8.22,0],[0,0],[0,8.22]],"v":[[145.236,48.168],[-145.236,48.168],[-160.119,33.285],[-160.119,-33.285],[-145.236,-48.168],[145.236,-48.168],[160.119,-33.285],[160.119,33.285]],"c":true},"ix":2},"nm":"Path 1","mn":"ADBE Vector Shape - Group","hd":false},{"ty":"st","c":{"a":0,"k":[0.071,0.075,0.192,1],"ix":3,"x":"var $bm_rt;\n$bm_rt = comp('wired-lineal-1309-load-balancer').layer('control').effect('primary')('Color');"},"o":{"a":0,"k":100,"ix":4},"w":{"a":0,"k":7,"ix":5,"x":"var $bm_rt;\n$bm_rt = $bm_mul($bm_div(value, 2), comp('wired-lineal-1309-load-balancer').layer('control').effect('stroke')('Menu'));"},"lc":2,"lj":2,"bm":0,"nm":".primary","mn":"ADBE Vector Graphic - Stroke","hd":false,"cl":"primary"},{"ty":"tr","p":{"a":0,"k":[250,165.323],"ix":2},"a":{"a":0,"k":[0,0],"ix":1},"s":{"a":0,"k":[100,100],"ix":3},"r":{"a":0,"k":0,"ix":6},"o":{"a":0,"k":100,"ix":7},"sk":{"a":0,"k":0,"ix":4},"sa":{"a":0,"k":0,"ix":5},"nm":"Transform"}],"nm":"Group 2","np":2,"cix":2,"bm":0,"ix":2,"mn":"ADBE Vector Group","hd":false}],"ip":0,"op":844,"st":0,"ct":1,"bm":0},{"ddd":0,"ind":4,"ty":4,"nm":"outline 2","sr":1,"ks":{"o":{"a":0,"k":100,"ix":11},"r":{"a":0,"k":0,"ix":10},"p":{"a":0,"k":[302.377,317.256,0],"ix":2,"l":2},"a":{"a":0,"k":[0,0,0],"ix":1,"l":2},"s":{"a":0,"k":[100,100,100],"ix":6,"l":2}},"ao":0,"shapes":[{"ty":"gr","it":[{"ind":0,"ty":"sh","ix":1,"ks":{"a":0,"k":{"i":[[8.22,0],[0,0],[0,8.22],[0,0],[-8.22,0],[0,0],[0,-8.22],[0,0]],"o":[[0,0],[-8.22,0],[0,0],[0,-8.22],[0,0],[8.22,0],[0,0],[0,8.22]],"v":[[44.516,30.835],[-44.516,30.835],[-59.399,15.952],[-59.399,-15.952],[-44.516,-30.835],[44.516,-30.835],[59.399,-15.952],[59.399,15.952]],"c":true},"ix":2},"nm":"Path 1","mn":"ADBE Vector Shape - Group","hd":false},{"ty":"st","c":{"a":0,"k":[0.071,0.075,0.192,1],"ix":3,"x":"var $bm_rt;\n$bm_rt = comp('wired-lineal-1309-load-balancer').layer('control').effect('primary')('Color');"},"o":{"a":0,"k":100,"ix":4},"w":{"a":0,"k":7,"ix":5,"x":"var $bm_rt;\n$bm_rt = $bm_mul($bm_div(value, 2), comp('wired-lineal-1309-load-balancer').layer('control').effect('stroke')('Menu'));"},"lc":2,"lj":2,"bm":0,"nm":".primary","mn":"ADBE Vector Graphic - Stroke","hd":false,"cl":"primary"},{"ty":"tr","p":{"a":0,"k":[0,0],"ix":2},"a":{"a":0,"k":[0,0],"ix":1},"s":{"a":0,"k":[100,100],"ix":3},"r":{"a":0,"k":0,"ix":6},"o":{"a":0,"k":100,"ix":7},"sk":{"a":0,"k":0,"ix":4},"sa":{"a":0,"k":0,"ix":5},"nm":"Transform"}],"nm":"Group 1","np":2,"cix":2,"bm":0,"ix":1,"mn":"ADBE Vector Group","hd":false}],"ip":0,"op":844,"st":0,"ct":1,"bm":0},{"ddd":0,"ind":5,"ty":4,"nm":"Warstwa 4","parent":4,"sr":1,"ks":{"o":{"a":0,"k":100,"ix":11},"r":{"a":0,"k":0,"ix":10},"p":{"a":0,"k":[0,-0.123,0],"ix":2,"l":2},"a":{"a":0,"k":[337.377,352.133,0],"ix":1,"l":2},"s":{"a":0,"k":[100,100,100],"ix":6,"l":2}},"ao":0,"shapes":[{"ty":"gr","it":[{"ind":0,"ty":"sh","ix":1,"ks":{"a":0,"k":{"i":[[0,8.219],[0,0],[-8.219,0],[0,0],[0,-8.22],[0,0],[-8.22,0],[0,0]],"o":[[0,0],[0,-8.22],[0,0],[-8.22,0],[0,0],[0,8.219],[0,0],[-8.219,0]],"v":[[-0.77,15.952],[-0.77,-15.952],[14.113,-30.834],[0.77,-30.834],[-14.113,-15.952],[-14.113,15.952],[0.77,30.834],[14.113,30.834]],"c":true},"ix":2},"nm":"Path 1","mn":"ADBE Vector Shape - Group","hd":false},{"ty":"fl","c":{"a":0,"k":[0.227,0.2,0.278,1],"ix":4,"x":"var $bm_rt;\n$bm_rt = comp('wired-lineal-1309-load-balancer').layer('control').effect('secondary')('Color');"},"o":{"a":0,"k":100,"ix":5},"r":1,"bm":0,"nm":".secondary","mn":"ADBE Vector Graphic - Fill","hd":false,"cl":"secondary"},{"ty":"tr","p":{"a":0,"k":[292.091,352.133],"ix":2},"a":{"a":0,"k":[0,0],"ix":1},"s":{"a":0,"k":[100,100],"ix":3},"r":{"a":0,"k":0,"ix":6},"o":{"a":0,"k":50,"ix":7},"sk":{"a":0,"k":0,"ix":4},"sa":{"a":0,"k":0,"ix":5},"nm":"Transform"}],"nm":"Group 1","np":2,"cix":2,"bm":1,"ix":1,"mn":"ADBE Vector Group","hd":false},{"ty":"gr","it":[{"ind":0,"ty":"sh","ix":1,"ks":{"a":0,"k":{"i":[[8.22,0],[0,0],[0,8.22],[0,0],[-8.22,0],[0,0],[0,-8.22],[0,0]],"o":[[0,0],[-8.22,0],[0,0],[0,-8.22],[0,0],[8.22,0],[0,0],[0,8.22]],"v":[[44.516,30.835],[-44.516,30.835],[-59.399,15.952],[-59.399,-15.952],[-44.516,-30.835],[44.516,-30.835],[59.399,-15.952],[59.399,15.952]],"c":true},"ix":2},"nm":"Path 1","mn":"ADBE Vector Shape - Group","hd":false},{"ty":"fl","c":{"a":0,"k":[0.227,0.2,0.278,1],"ix":4,"x":"var $bm_rt;\n$bm_rt = comp('wired-lineal-1309-load-balancer').layer('control').effect('secondary')('Color');"},"o":{"a":0,"k":100,"ix":5},"r":1,"bm":0,"nm":".secondary","mn":"ADBE Vector Graphic - Fill","hd":false,"cl":"secondary"},{"ty":"tr","p":{"a":0,"k":[337.377,352.133],"ix":2},"a":{"a":0,"k":[0,0],"ix":1},"s":{"a":0,"k":[100,100],"ix":3},"r":{"a":0,"k":0,"ix":6},"o":{"a":0,"k":100,"ix":7},"sk":{"a":0,"k":0,"ix":4},"sa":{"a":0,"k":0,"ix":5},"nm":"Transform"}],"nm":"Group 2","np":2,"cix":2,"bm":0,"ix":2,"mn":"ADBE Vector Group","hd":false}],"ip":0,"op":844,"st":0,"ct":1,"bm":0},{"ddd":0,"ind":6,"ty":4,"nm":"outline","sr":1,"ks":{"o":{"a":0,"k":100,"ix":11},"r":{"a":0,"k":0,"ix":10},"p":{"a":0,"k":[127.866,317.256,0],"ix":2,"l":2},"a":{"a":0,"k":[0,0,0],"ix":1,"l":2},"s":{"a":0,"k":[100,100,100],"ix":6,"l":2}},"ao":0,"shapes":[{"ty":"gr","it":[{"ind":0,"ty":"sh","ix":1,"ks":{"a":0,"k":{"i":[[8.22,0],[0,0],[0,8.22],[0,0],[-8.22,0],[0,0],[0,-8.22],[0,0]],"o":[[0,0],[-8.22,0],[0,0],[0,-8.22],[0,0],[8.22,0],[0,0],[0,8.22]],"v":[[44.759,30.835],[-44.759,30.835],[-59.642,15.952],[-59.642,-15.952],[-44.759,-30.835],[44.759,-30.835],[59.642,-15.952],[59.642,15.952]],"c":true},"ix":2},"nm":"Path 1","mn":"ADBE Vector Shape - Group","hd":false},{"ty":"st","c":{"a":0,"k":[0.071,0.075,0.192,1],"ix":3,"x":"var $bm_rt;\n$bm_rt = comp('wired-lineal-1309-load-balancer').layer('control').effect('primary')('Color');"},"o":{"a":0,"k":100,"ix":4},"w":{"a":0,"k":7,"ix":5,"x":"var $bm_rt;\n$bm_rt = $bm_mul($bm_div(value, 2), comp('wired-lineal-1309-load-balancer').layer('control').effect('stroke')('Menu'));"},"lc":2,"lj":2,"bm":0,"nm":".primary","mn":"ADBE Vector Graphic - Stroke","hd":false,"cl":"primary"},{"ty":"tr","p":{"a":0,"k":[0,0],"ix":2},"a":{"a":0,"k":[0,0],"ix":1},"s":{"a":0,"k":[100,100],"ix":3},"r":{"a":0,"k":0,"ix":6},"o":{"a":0,"k":100,"ix":7},"sk":{"a":0,"k":0,"ix":4},"sa":{"a":0,"k":0,"ix":5},"nm":"Transform"}],"nm":"Group 1","np":2,"cix":2,"bm":0,"ix":1,"mn":"ADBE Vector Group","hd":false}],"ip":0,"op":844,"st":0,"ct":1,"bm":0},{"ddd":0,"ind":7,"ty":4,"nm":"Warstwa 5","parent":6,"sr":1,"ks":{"o":{"a":0,"k":100,"ix":11},"r":{"a":0,"k":0,"ix":10},"p":{"a":0,"k":[0.011,0.377,0],"ix":2,"l":2},"a":{"a":0,"k":[337.377,352.133,0],"ix":1,"l":2},"s":{"a":0,"k":[100,100,100],"ix":6,"l":2}},"ao":0,"shapes":[{"ty":"gr","it":[{"ind":0,"ty":"sh","ix":1,"ks":{"a":0,"k":{"i":[[0,8.219],[0,0],[-8.219,0],[0,0],[0,-8.22],[0,0],[-8.22,0],[0,0]],"o":[[0,0],[0,-8.22],[0,0],[-8.22,0],[0,0],[0,8.219],[0,0],[-8.219,0]],"v":[[-0.77,15.952],[-0.77,-15.952],[14.113,-30.834],[0.77,-30.834],[-14.113,-15.952],[-14.113,15.952],[0.77,30.834],[14.113,30.834]],"c":true},"ix":2},"nm":"Path 1","mn":"ADBE Vector Shape - Group","hd":false},{"ty":"fl","c":{"a":0,"k":[0.227,0.2,0.278,1],"ix":4,"x":"var $bm_rt;\n$bm_rt = comp('wired-lineal-1309-load-balancer').layer('control').effect('secondary')('Color');"},"o":{"a":0,"k":100,"ix":5},"r":1,"bm":0,"nm":".secondary","mn":"ADBE Vector Graphic - Fill","hd":false,"cl":"secondary"},{"ty":"tr","p":{"a":0,"k":[292.091,352.133],"ix":2},"a":{"a":0,"k":[0,0],"ix":1},"s":{"a":0,"k":[100,100],"ix":3},"r":{"a":0,"k":0,"ix":6},"o":{"a":0,"k":50,"ix":7},"sk":{"a":0,"k":0,"ix":4},"sa":{"a":0,"k":0,"ix":5},"nm":"Transform"}],"nm":"Group 1","np":2,"cix":2,"bm":1,"ix":1,"mn":"ADBE Vector Group","hd":false},{"ty":"gr","it":[{"ind":0,"ty":"sh","ix":1,"ks":{"a":0,"k":{"i":[[8.22,0],[0,0],[0,8.22],[0,0],[-8.22,0],[0,0],[0,-8.22],[0,0]],"o":[[0,0],[-8.22,0],[0,0],[0,-8.22],[0,0],[8.22,0],[0,0],[0,8.22]],"v":[[44.516,30.835],[-44.516,30.835],[-59.399,15.952],[-59.399,-15.952],[-44.516,-30.835],[44.516,-30.835],[59.399,-15.952],[59.399,15.952]],"c":true},"ix":2},"nm":"Path 1","mn":"ADBE Vector Shape - Group","hd":false},{"ty":"fl","c":{"a":0,"k":[0.227,0.2,0.278,1],"ix":4,"x":"var $bm_rt;\n$bm_rt = comp('wired-lineal-1309-load-balancer').layer('control').effect('secondary')('Color');"},"o":{"a":0,"k":100,"ix":5},"r":1,"bm":0,"nm":".secondary","mn":"ADBE Vector Graphic - Fill","hd":false,"cl":"secondary"},{"ty":"tr","p":{"a":0,"k":[337.377,352.133],"ix":2},"a":{"a":0,"k":[0,0],"ix":1},"s":{"a":0,"k":[100,100],"ix":3},"r":{"a":0,"k":0,"ix":6},"o":{"a":0,"k":100,"ix":7},"sk":{"a":0,"k":0,"ix":4},"sa":{"a":0,"k":0,"ix":5},"nm":"Transform"}],"nm":"Group 2","np":2,"cix":2,"bm":0,"ix":2,"mn":"ADBE Vector Group","hd":false}],"ip":0,"op":844,"st":0,"ct":1,"bm":0},{"ddd":0,"ind":8,"ty":4,"nm":"Warstwa 3","sr":1,"ks":{"o":{"a":0,"k":100,"ix":11},"r":{"a":0,"k":0,"ix":10},"p":{"a":0,"k":[215,130.2,0],"ix":2,"l":2},"a":{"a":0,"k":[250,165.2,0],"ix":1,"l":2},"s":{"a":0,"k":[100,100,100],"ix":6,"l":2}},"ao":0,"shapes":[{"ty":"gr","it":[{"ind":0,"ty":"sh","ix":1,"ks":{"a":0,"k":{"i":[[0,8.22],[0,0],[-8.219,0],[0,0],[0,-8.22],[0,0],[-8.219,0],[0,0]],"o":[[0,0],[0,-8.22],[0,0],[-8.219,0],[0,0],[0,8.22],[0,0],[-8.219,0]],"v":[[-0.77,33.285],[-0.77,-33.285],[14.113,-48.168],[0.77,-48.168],[-14.113,-33.285],[-14.113,33.285],[0.77,48.168],[14.113,48.168]],"c":true},"ix":2},"nm":"Path 1","mn":"ADBE Vector Shape - Group","hd":false},{"ty":"fl","c":{"a":0,"k":[0.227,0.2,0.278,1],"ix":4,"x":"var $bm_rt;\n$bm_rt = comp('wired-lineal-1309-load-balancer').layer('control').effect('secondary')('Color');"},"o":{"a":0,"k":100,"ix":5},"r":1,"bm":0,"nm":".secondary","mn":"ADBE Vector Graphic - Fill","hd":false,"cl":"secondary"},{"ty":"tr","p":{"a":0,"k":[103.994,165.2],"ix":2},"a":{"a":0,"k":[0,0],"ix":1},"s":{"a":0,"k":[100,100],"ix":3},"r":{"a":0,"k":0,"ix":6},"o":{"a":0,"k":50,"ix":7},"sk":{"a":0,"k":0,"ix":4},"sa":{"a":0,"k":0,"ix":5},"nm":"Transform"}],"nm":"Group 1","np":2,"cix":2,"bm":1,"ix":1,"mn":"ADBE Vector Group","hd":false},{"ty":"gr","it":[{"ind":0,"ty":"sh","ix":1,"ks":{"a":0,"k":{"i":[[0,-9.643],[-9.643,0],[0,9.643],[9.643,0]],"o":[[0,9.643],[9.643,0],[0,-9.643],[-9.643,0]],"v":[[-17.461,0],[0,17.461],[17.461,0],[0,-17.461]],"c":true},"ix":2},"nm":"Path 1","mn":"ADBE Vector Shape - Group","hd":false},{"ty":"fl","c":{"a":0,"k":[1,0.78,0.22,1],"ix":4,"x":"var $bm_rt;\n$bm_rt = comp('wired-lineal-1309-load-balancer').layer('control').effect('tertiary')('Color');"},"o":{"a":0,"k":100,"ix":5},"r":1,"bm":0,"nm":".tertiary","mn":"ADBE Vector Graphic - Fill","hd":false,"cl":"tertiary"},{"ty":"tr","p":{"a":0,"k":[139.173,165.2],"ix":2},"a":{"a":0,"k":[0,0],"ix":1},"s":{"a":0,"k":[100,100],"ix":3},"r":{"a":0,"k":0,"ix":6},"o":{"a":0,"k":100,"ix":7},"sk":{"a":0,"k":0,"ix":4},"sa":{"a":0,"k":0,"ix":5},"nm":"Transform"}],"nm":"Group 2","np":2,"cix":2,"bm":0,"ix":2,"mn":"ADBE Vector Group","hd":false},{"ty":"gr","it":[{"ind":0,"ty":"sh","ix":1,"ks":{"a":0,"k":{"i":[[8.22,0],[0,0],[0,8.22],[0,0],[-8.22,0],[0,0],[0,-8.22],[0,0]],"o":[[0,0],[-8.22,0],[0,0],[0,-8.22],[0,0],[8.22,0],[0,0],[0,8.22]],"v":[[145.236,48.168],[-145.236,48.168],[-160.119,33.285],[-160.119,-33.285],[-145.236,-48.168],[145.236,-48.168],[160.119,-33.285],[160.119,33.285]],"c":true},"ix":2},"nm":"Path 1","mn":"ADBE Vector Shape - Group","hd":false},{"ty":"fl","c":{"a":0,"k":[0.227,0.2,0.278,1],"ix":4,"x":"var $bm_rt;\n$bm_rt = comp('wired-lineal-1309-load-balancer').layer('control').effect('secondary')('Color');"},"o":{"a":0,"k":100,"ix":5},"r":1,"bm":0,"nm":".secondary","mn":"ADBE Vector Graphic - Fill","hd":false,"cl":"secondary"},{"ty":"tr","p":{"a":0,"k":[250,165.2],"ix":2},"a":{"a":0,"k":[0,0],"ix":1},"s":{"a":0,"k":[100,100],"ix":3},"r":{"a":0,"k":0,"ix":6},"o":{"a":0,"k":100,"ix":7},"sk":{"a":0,"k":0,"ix":4},"sa":{"a":0,"k":0,"ix":5},"nm":"Transform"}],"nm":"Group 3","np":2,"cix":2,"bm":0,"ix":3,"mn":"ADBE Vector Group","hd":false}],"ip":0,"op":844,"st":0,"ct":1,"bm":0}]},{"id":"comp_1","nm":"morph-add","fr":60,"layers":[{"ddd":0,"ind":1,"ty":4,"nm":"outline 6","sr":1,"ks":{"o":{"a":0,"k":100,"ix":11},"r":{"a":0,"k":0,"ix":10},"p":{"a":0,"k":[215,317.256,0],"ix":2,"l":2},"a":{"a":0,"k":[0,0,0],"ix":1,"l":2},"s":{"a":0,"k":[100,100,100],"ix":6,"l":2}},"ao":0,"shapes":[{"ty":"gr","it":[{"ind":0,"ty":"sh","ix":1,"ks":{"a":1,"k":[{"i":{"x":0.833,"y":0.833},"o":{"x":0.167,"y":0.167},"t":0,"s":[{"i":[[-0.063,0],[0,0],[0,-0.063],[0,0],[0.063,0],[0,0],[0,0.063],[0,0]],"o":[[0,0],[0.063,0],[0,0],[0,0.063],[0,0],[-0.063,0],[0,0],[0,-0.063]],"v":[[1.182,-109.756],[1.182,-109.756],[1.296,-109.643],[1.297,-109.641],[1.183,-109.528],[1.183,-109.528],[1.069,-109.641],[1.068,-109.643]],"c":true}]},{"i":{"x":0.667,"y":1},"o":{"x":0.167,"y":0.167},"t":13,"s":[{"i":[[8.22,0],[0,0],[0,8.22],[0,0],[-8.22,0],[0,0],[0,-8.22],[0,0]],"o":[[0,0],[-8.22,0],[0,0],[0,-8.22],[0,0],[8.22,0],[0,0],[0,8.22]],"v":[[18.493,-37.508],[-17.193,-37.508],[-32.075,-52.391],[-32.136,-65.263],[-17.253,-80.146],[18.432,-80.146],[33.315,-65.263],[33.376,-52.391]],"c":true}]},{"t":30,"s":[{"i":[[8.22,0],[0,0],[0,8.22],[0,0],[-8.22,0],[0,0],[0,-8.22],[0,0]],"o":[[0,0],[-8.22,0],[0,0],[0,-8.22],[0,0],[8.22,0],[0,0],[0,8.22]],"v":[[44.516,30.835],[-44.516,30.835],[-59.399,15.952],[-59.399,-15.952],[-44.516,-30.835],[44.516,-30.835],[59.399,-15.952],[59.399,15.952]],"c":true}]}],"ix":2},"nm":"Path 1","mn":"ADBE Vector Shape - Group","hd":false},{"ty":"st","c":{"a":0,"k":[0.071,0.075,0.192,1],"ix":3,"x":"var $bm_rt;\n$bm_rt = comp('wired-lineal-1309-load-balancer').layer('control').effect('primary')('Color');"},"o":{"a":0,"k":100,"ix":4},"w":{"a":0,"k":7,"ix":5,"x":"var $bm_rt;\n$bm_rt = $bm_mul($bm_div(value, 2), comp('wired-lineal-1309-load-balancer').layer('control').effect('stroke')('Menu'));"},"lc":2,"lj":2,"bm":0,"nm":".primary","mn":"ADBE Vector Graphic - Stroke","hd":false,"cl":"primary"},{"ty":"tr","p":{"a":0,"k":[0,0],"ix":2},"a":{"a":0,"k":[0,0],"ix":1},"s":{"a":0,"k":[100,100],"ix":3},"r":{"a":0,"k":0,"ix":6},"o":{"a":0,"k":100,"ix":7},"sk":{"a":0,"k":0,"ix":4},"sa":{"a":0,"k":0,"ix":5},"nm":"Transform"}],"nm":"Group 1","np":2,"cix":2,"bm":0,"ix":1,"mn":"ADBE Vector Group","hd":false}],"ip":1,"op":844,"st":0,"ct":1,"bm":0},{"ddd":0,"ind":2,"ty":4,"nm":"Warstwa 6","parent":1,"sr":1,"ks":{"o":{"a":0,"k":100,"ix":11},"r":{"a":0,"k":0,"ix":10},"p":{"a":0,"k":[0.377,0.377,0],"ix":2,"l":2},"a":{"a":0,"k":[337.377,352.133,0],"ix":1,"l":2},"s":{"a":0,"k":[100,100,100],"ix":6,"l":2}},"ao":0,"shapes":[{"ty":"gr","it":[{"ind":0,"ty":"sh","ix":1,"ks":{"a":1,"k":[{"i":{"x":0.959,"y":0.999},"o":{"x":0.087,"y":0.005},"t":1,"s":[{"i":[[0,0.845],[0,0],[-0.678,0],[0,0],[0,-0.845],[0,0],[-0.678,0],[0,0]],"o":[[0,0],[0,-0.845],[0,0],[-0.678,0],[0,0],[0,0.845],[0,0],[-0.678,0]],"v":[[42.026,-104.33],[42.026,-107.26],[43.666,-108.992],[42.566,-108.992],[40.926,-107.26],[40.926,-104.33],[42.465,-102.633],[43.565,-102.633]],"c":true}]},{"i":{"x":0.658,"y":1},"o":{"x":0.094,"y":0.006},"t":13,"s":[{"i":[[0,5.629],[0,0],[-4.515,0],[0,0],[0,-5.629],[0,0],[-4.515,0],[0,0]],"o":[[0,0],[0,-5.629],[0,0],[-4.515,0],[0,0],[0,5.629],[0,0],[-4.515,0]],"v":[[20.989,-48.935],[20.989,-68.456],[31.913,-79.992],[24.584,-79.992],[13.659,-68.456],[13.659,-48.935],[23.913,-37.633],[31.242,-37.633]],"c":true}]},{"t":30,"s":[{"i":[[0,8.219],[0,0],[-8.219,0],[0,0],[0,-8.22],[0,0],[-8.22,0],[0,0]],"o":[[0,0],[0,-8.22],[0,0],[-8.22,0],[0,0],[0,8.219],[0,0],[-8.219,0]],"v":[[-0.77,15.952],[-0.77,-15.952],[14.113,-30.834],[0.77,-30.834],[-14.113,-15.952],[-14.113,15.952],[0.77,30.834],[14.113,30.834]],"c":true}]}],"ix":2},"nm":"Path 1","mn":"ADBE Vector Shape - Group","hd":false},{"ty":"fl","c":{"a":0,"k":[0.227,0.2,0.278,1],"ix":4,"x":"var $bm_rt;\n$bm_rt = comp('wired-lineal-1309-load-balancer').layer('control').effect('secondary')('Color');"},"o":{"a":0,"k":100,"ix":5},"r":1,"bm":0,"nm":".secondary","mn":"ADBE Vector Graphic - Fill","hd":false,"cl":"secondary"},{"ty":"tr","p":{"a":0,"k":[292.091,352.133],"ix":2},"a":{"a":0,"k":[0,0],"ix":1},"s":{"a":0,"k":[100,100],"ix":3},"r":{"a":0,"k":0,"ix":6},"o":{"a":0,"k":50,"ix":7},"sk":{"a":0,"k":0,"ix":4},"sa":{"a":0,"k":0,"ix":5},"nm":"Transform"}],"nm":"Group 1","np":2,"cix":2,"bm":1,"ix":1,"mn":"ADBE Vector Group","hd":false},{"ty":"gr","it":[{"ind":0,"ty":"sh","ix":1,"ks":{"a":1,"k":[{"i":{"x":0.959,"y":0.999},"o":{"x":0.087,"y":0.005},"t":1,"s":[{"i":[[0.678,0],[0,0],[0,0.845],[0,0],[-0.678,0],[0,0],[0,-0.845],[0,0]],"o":[[0,0],[-0.678,0],[0,0],[0,-0.845],[0,0],[0.678,0],[0,0],[0,0.845]],"v":[[3.532,-102.652],[-2.821,-102.633],[-4.36,-104.33],[-4.36,-107.26],[-2.72,-108.992],[3.607,-108.972],[5.268,-107.154],[5.36,-104.37]],"c":true}]},{"i":{"x":0.658,"y":1},"o":{"x":0.094,"y":0.006},"t":13,"s":[{"i":[[4.515,0],[0,0],[0,5.629],[0,0],[-4.515,0],[0,0],[0,-5.629],[0,0]],"o":[[0,0],[-4.515,0],[0,0],[0,-5.629],[0,0],[4.515,0],[0,0],[0,5.629]],"v":[[20.952,-37.758],[-21.374,-37.633],[-31.627,-48.935],[-31.627,-68.456],[-20.702,-79.992],[21.452,-79.858],[32.517,-67.752],[33.127,-49.201]],"c":true}]},{"t":30,"s":[{"i":[[8.22,0],[0,0],[0,8.22],[0,0],[-8.22,0],[0,0],[0,-8.22],[0,0]],"o":[[0,0],[-8.22,0],[0,0],[0,-8.22],[0,0],[8.22,0],[0,0],[0,8.22]],"v":[[44.516,30.835],[-44.516,30.835],[-59.399,15.952],[-59.399,-15.952],[-44.516,-30.835],[44.516,-30.835],[59.399,-15.952],[59.399,15.952]],"c":true}]}],"ix":2},"nm":"Path 1","mn":"ADBE Vector Shape - Group","hd":false},{"ty":"fl","c":{"a":0,"k":[0.227,0.2,0.278,1],"ix":4,"x":"var $bm_rt;\n$bm_rt = comp('wired-lineal-1309-load-balancer').layer('control').effect('secondary')('Color');"},"o":{"a":0,"k":100,"ix":5},"r":1,"bm":0,"nm":".secondary","mn":"ADBE Vector Graphic - Fill","hd":false,"cl":"secondary"},{"ty":"tr","p":{"a":0,"k":[337.377,352.133],"ix":2},"a":{"a":0,"k":[0,0],"ix":1},"s":{"a":0,"k":[100,100],"ix":3},"r":{"a":0,"k":0,"ix":6},"o":{"a":0,"k":100,"ix":7},"sk":{"a":0,"k":0,"ix":4},"sa":{"a":0,"k":0,"ix":5},"nm":"Transform"}],"nm":"Group 2","np":2,"cix":2,"bm":0,"ix":2,"mn":"ADBE Vector Group","hd":false}],"ip":1,"op":844,"st":0,"ct":1,"bm":0},{"ddd":0,"ind":3,"ty":4,"nm":"Dots","sr":1,"ks":{"o":{"a":0,"k":100,"ix":11},"r":{"a":0,"k":0,"ix":10},"p":{"a":0,"k":[271.801,130.374,0],"ix":2,"l":2},"a":{"a":0,"k":[306.801,165.374,0],"ix":1,"l":2},"s":{"a":0,"k":[100,100,100],"ix":6,"l":2}},"ao":0,"shapes":[{"ty":"gr","it":[{"ind":0,"ty":"sh","ix":1,"ks":{"a":0,"k":{"i":[[0,0],[0,0]],"o":[[0,0],[0,0]],"v":[[-0.084,0],[0.084,0]],"c":false},"ix":2},"nm":"Path 1","mn":"ADBE Vector Shape - Group","hd":false},{"ty":"st","c":{"a":0,"k":[1,0.78,0.22,1],"ix":3,"x":"var $bm_rt;\n$bm_rt = comp('wired-lineal-1309-load-balancer').layer('control').effect('tertiary')('Color');"},"o":{"a":0,"k":100,"ix":4},"w":{"a":0,"k":12.04,"ix":5,"x":"var $bm_rt;\n$bm_rt = $bm_mul($bm_div(value, 2), comp('wired-lineal-1309-load-balancer').layer('control').effect('stroke')('Menu'));"},"lc":2,"lj":2,"bm":0,"d":[{"n":"d","nm":"dash","v":{"a":0,"k":0.25,"ix":1}},{"n":"g","nm":"gap","v":{"a":0,"k":25,"ix":2}}],"nm":".tertiary","mn":"ADBE Vector Graphic - Stroke","hd":false,"cl":"tertiary"},{"ty":"tr","p":{"a":0,"k":[374.998,179.674],"ix":2},"a":{"a":0,"k":[0,0],"ix":1},"s":{"a":0,"k":[100,100],"ix":3},"r":{"a":0,"k":0,"ix":6},"o":{"a":1,"k":[{"t":0,"s":[100],"h":1},{"t":2.334,"s":[0],"h":1},{"t":7.004,"s":[100],"h":1},{"t":11.672,"s":[0],"h":1},{"t":21,"s":[100],"h":1}],"ix":7},"sk":{"a":0,"k":0,"ix":4},"sa":{"a":0,"k":0,"ix":5},"nm":"Transform"}],"nm":"Group 1","np":2,"cix":2,"bm":0,"ix":1,"mn":"ADBE Vector Group","hd":false},{"ty":"gr","it":[{"ind":0,"ty":"sh","ix":1,"ks":{"a":0,"k":{"i":[[0,0],[0,0]],"o":[[0,0],[0,0]],"v":[[-0.084,0],[0.084,0]],"c":false},"ix":2},"nm":"Path 1","mn":"ADBE Vector Shape - Group","hd":false},{"ty":"st","c":{"a":0,"k":[1,0.78,0.22,1],"ix":3,"x":"var $bm_rt;\n$bm_rt = comp('wired-lineal-1309-load-balancer').layer('control').effect('tertiary')('Color');"},"o":{"a":0,"k":100,"ix":4},"w":{"a":0,"k":12.04,"ix":5,"x":"var $bm_rt;\n$bm_rt = $bm_mul($bm_div(value, 2), comp('wired-lineal-1309-load-balancer').layer('control').effect('stroke')('Menu'));"},"lc":2,"lj":2,"bm":0,"d":[{"n":"d","nm":"dash","v":{"a":0,"k":0.25,"ix":1}},{"n":"g","nm":"gap","v":{"a":0,"k":25,"ix":2}}],"nm":".tertiary","mn":"ADBE Vector Graphic - Stroke","hd":false,"cl":"tertiary"},{"ty":"tr","p":{"a":0,"k":[347.719,179.674],"ix":2},"a":{"a":0,"k":[0,0],"ix":1},"s":{"a":0,"k":[100,100],"ix":3},"r":{"a":0,"k":0,"ix":6},"o":{"a":0,"k":100,"ix":7},"sk":{"a":0,"k":0,"ix":4},"sa":{"a":0,"k":0,"ix":5},"nm":"Transform"}],"nm":"Group 2","np":2,"cix":2,"bm":0,"ix":2,"mn":"ADBE Vector Group","hd":false},{"ty":"gr","it":[{"ind":0,"ty":"sh","ix":1,"ks":{"a":0,"k":{"i":[[0,0],[0,0]],"o":[[0,0],[0,0]],"v":[[-0.084,0],[0.084,0]],"c":false},"ix":2},"nm":"Path 1","mn":"ADBE Vector Shape - Group","hd":false},{"ty":"st","c":{"a":0,"k":[1,0.78,0.22,1],"ix":3,"x":"var $bm_rt;\n$bm_rt = comp('wired-lineal-1309-load-balancer').layer('control').effect('tertiary')('Color');"},"o":{"a":0,"k":100,"ix":4},"w":{"a":0,"k":12.04,"ix":5,"x":"var $bm_rt;\n$bm_rt = $bm_mul($bm_div(value, 2), comp('wired-lineal-1309-load-balancer').layer('control').effect('stroke')('Menu'));"},"lc":2,"lj":2,"bm":0,"d":[{"n":"d","nm":"dash","v":{"a":0,"k":0.25,"ix":1}},{"n":"g","nm":"gap","v":{"a":0,"k":25,"ix":2}}],"nm":".tertiary","mn":"ADBE Vector Graphic - Stroke","hd":false,"cl":"tertiary"},{"ty":"tr","p":{"a":0,"k":[320.44,179.674],"ix":2},"a":{"a":0,"k":[0,0],"ix":1},"s":{"a":0,"k":[100,100],"ix":3},"r":{"a":0,"k":0,"ix":6},"o":{"a":0,"k":100,"ix":7},"sk":{"a":0,"k":0,"ix":4},"sa":{"a":0,"k":0,"ix":5},"nm":"Transform"}],"nm":"Group 3","np":2,"cix":2,"bm":0,"ix":3,"mn":"ADBE Vector Group","hd":false},{"ty":"gr","it":[{"ind":0,"ty":"sh","ix":1,"ks":{"a":0,"k":{"i":[[0,0],[0,0]],"o":[[0,0],[0,0]],"v":[[-0.084,0],[0.084,0]],"c":false},"ix":2},"nm":"Path 1","mn":"ADBE Vector Shape - Group","hd":false},{"ty":"st","c":{"a":0,"k":[1,0.78,0.22,1],"ix":3,"x":"var $bm_rt;\n$bm_rt = comp('wired-lineal-1309-load-balancer').layer('control').effect('tertiary')('Color');"},"o":{"a":0,"k":100,"ix":4},"w":{"a":0,"k":12.04,"ix":5,"x":"var $bm_rt;\n$bm_rt = $bm_mul($bm_div(value, 2), comp('wired-lineal-1309-load-balancer').layer('control').effect('stroke')('Menu'));"},"lc":2,"lj":2,"bm":0,"d":[{"n":"d","nm":"dash","v":{"a":0,"k":0.25,"ix":1}},{"n":"g","nm":"gap","v":{"a":0,"k":25,"ix":2}}],"nm":".tertiary","mn":"ADBE Vector Graphic - Stroke","hd":false,"cl":"tertiary"},{"ty":"tr","p":{"a":0,"k":[293.161,179.674],"ix":2},"a":{"a":0,"k":[0,0],"ix":1},"s":{"a":0,"k":[100,100],"ix":3},"r":{"a":0,"k":0,"ix":6},"o":{"a":0,"k":100,"ix":7},"sk":{"a":0,"k":0,"ix":4},"sa":{"a":0,"k":0,"ix":5},"nm":"Transform"}],"nm":"Group 4","np":2,"cix":2,"bm":0,"ix":4,"mn":"ADBE Vector Group","hd":false},{"ty":"gr","it":[{"ind":0,"ty":"sh","ix":1,"ks":{"a":0,"k":{"i":[[0,0],[0,0]],"o":[[0,0],[0,0]],"v":[[-0.084,0],[0.084,0]],"c":false},"ix":2},"nm":"Path 1","mn":"ADBE Vector Shape - Group","hd":false},{"ty":"st","c":{"a":0,"k":[1,0.78,0.22,1],"ix":3,"x":"var $bm_rt;\n$bm_rt = comp('wired-lineal-1309-load-balancer').layer('control').effect('tertiary')('Color');"},"o":{"a":0,"k":100,"ix":4},"w":{"a":0,"k":12.04,"ix":5,"x":"var $bm_rt;\n$bm_rt = $bm_mul($bm_div(value, 2), comp('wired-lineal-1309-load-balancer').layer('control').effect('stroke')('Menu'));"},"lc":2,"lj":2,"bm":0,"d":[{"n":"d","nm":"dash","v":{"a":0,"k":0.25,"ix":1}},{"n":"g","nm":"gap","v":{"a":0,"k":25,"ix":2}}],"nm":".tertiary","mn":"ADBE Vector Graphic - Stroke","hd":false,"cl":"tertiary"},{"ty":"tr","p":{"a":0,"k":[265.883,179.674],"ix":2},"a":{"a":0,"k":[0,0],"ix":1},"s":{"a":0,"k":[100,100],"ix":3},"r":{"a":0,"k":0,"ix":6},"o":{"a":0,"k":100,"ix":7},"sk":{"a":0,"k":0,"ix":4},"sa":{"a":0,"k":0,"ix":5},"nm":"Transform"}],"nm":"Group 5","np":2,"cix":2,"bm":0,"ix":5,"mn":"ADBE Vector Group","hd":false},{"ty":"gr","it":[{"ind":0,"ty":"sh","ix":1,"ks":{"a":0,"k":{"i":[[0,0],[0,0]],"o":[[0,0],[0,0]],"v":[[-0.084,0],[0.084,0]],"c":false},"ix":2},"nm":"Path 1","mn":"ADBE Vector Shape - Group","hd":false},{"ty":"st","c":{"a":0,"k":[1,0.78,0.22,1],"ix":3,"x":"var $bm_rt;\n$bm_rt = comp('wired-lineal-1309-load-balancer').layer('control').effect('tertiary')('Color');"},"o":{"a":0,"k":100,"ix":4},"w":{"a":0,"k":12.04,"ix":5,"x":"var $bm_rt;\n$bm_rt = $bm_mul($bm_div(value, 2), comp('wired-lineal-1309-load-balancer').layer('control').effect('stroke')('Menu'));"},"lc":2,"lj":2,"bm":0,"d":[{"n":"d","nm":"dash","v":{"a":0,"k":0.25,"ix":1}},{"n":"g","nm":"gap","v":{"a":0,"k":25,"ix":2}}],"nm":".tertiary","mn":"ADBE Vector Graphic - Stroke","hd":false,"cl":"tertiary"},{"ty":"tr","p":{"a":0,"k":[238.604,179.674],"ix":2},"a":{"a":0,"k":[0,0],"ix":1},"s":{"a":0,"k":[100,100],"ix":3},"r":{"a":0,"k":0,"ix":6},"o":{"a":0,"k":100,"ix":7},"sk":{"a":0,"k":0,"ix":4},"sa":{"a":0,"k":0,"ix":5},"nm":"Transform"}],"nm":"Group 6","np":2,"cix":2,"bm":0,"ix":6,"mn":"ADBE Vector Group","hd":false},{"ty":"gr","it":[{"ind":0,"ty":"sh","ix":1,"ks":{"a":0,"k":{"i":[[0,0],[0,0]],"o":[[0,0],[0,0]],"v":[[-0.084,0],[0.084,0]],"c":false},"ix":2},"nm":"Path 1","mn":"ADBE Vector Shape - Group","hd":false},{"ty":"st","c":{"a":0,"k":[1,0.78,0.22,1],"ix":3,"x":"var $bm_rt;\n$bm_rt = comp('wired-lineal-1309-load-balancer').layer('control').effect('tertiary')('Color');"},"o":{"a":0,"k":100,"ix":4},"w":{"a":0,"k":12.04,"ix":5,"x":"var $bm_rt;\n$bm_rt = $bm_mul($bm_div(value, 2), comp('wired-lineal-1309-load-balancer').layer('control').effect('stroke')('Menu'));"},"lc":2,"lj":2,"bm":0,"d":[{"n":"d","nm":"dash","v":{"a":0,"k":0.25,"ix":1}},{"n":"g","nm":"gap","v":{"a":0,"k":25,"ix":2}}],"nm":".tertiary","mn":"ADBE Vector Graphic - Stroke","hd":false,"cl":"tertiary"},{"ty":"tr","p":{"a":0,"k":[374.998,151.074],"ix":2},"a":{"a":0,"k":[0,0],"ix":1},"s":{"a":0,"k":[100,100],"ix":3},"r":{"a":0,"k":0,"ix":6},"o":{"a":0,"k":100,"ix":7},"sk":{"a":0,"k":0,"ix":4},"sa":{"a":0,"k":0,"ix":5},"nm":"Transform"}],"nm":"Group 7","np":2,"cix":2,"bm":0,"ix":7,"mn":"ADBE Vector Group","hd":false},{"ty":"gr","it":[{"ind":0,"ty":"sh","ix":1,"ks":{"a":0,"k":{"i":[[0,0],[0,0]],"o":[[0,0],[0,0]],"v":[[-0.084,0],[0.084,0]],"c":false},"ix":2},"nm":"Path 1","mn":"ADBE Vector Shape - Group","hd":false},{"ty":"st","c":{"a":0,"k":[1,0.78,0.22,1],"ix":3,"x":"var $bm_rt;\n$bm_rt = comp('wired-lineal-1309-load-balancer').layer('control').effect('tertiary')('Color');"},"o":{"a":0,"k":100,"ix":4},"w":{"a":0,"k":12.04,"ix":5,"x":"var $bm_rt;\n$bm_rt = $bm_mul($bm_div(value, 2), comp('wired-lineal-1309-load-balancer').layer('control').effect('stroke')('Menu'));"},"lc":2,"lj":2,"bm":0,"d":[{"n":"d","nm":"dash","v":{"a":0,"k":0.25,"ix":1}},{"n":"g","nm":"gap","v":{"a":0,"k":25,"ix":2}}],"nm":".tertiary","mn":"ADBE Vector Graphic - Stroke","hd":false,"cl":"tertiary"},{"ty":"tr","p":{"a":0,"k":[347.719,151.074],"ix":2},"a":{"a":0,"k":[0,0],"ix":1},"s":{"a":0,"k":[100,100],"ix":3},"r":{"a":0,"k":0,"ix":6},"o":{"a":0,"k":100,"ix":7},"sk":{"a":0,"k":0,"ix":4},"sa":{"a":0,"k":0,"ix":5},"nm":"Transform"}],"nm":"Group 8","np":2,"cix":2,"bm":0,"ix":8,"mn":"ADBE Vector Group","hd":false},{"ty":"gr","it":[{"ind":0,"ty":"sh","ix":1,"ks":{"a":0,"k":{"i":[[0,0],[0,0]],"o":[[0,0],[0,0]],"v":[[-0.084,0],[0.084,0]],"c":false},"ix":2},"nm":"Path 1","mn":"ADBE Vector Shape - Group","hd":false},{"ty":"st","c":{"a":0,"k":[1,0.78,0.22,1],"ix":3,"x":"var $bm_rt;\n$bm_rt = comp('wired-lineal-1309-load-balancer').layer('control').effect('tertiary')('Color');"},"o":{"a":0,"k":100,"ix":4},"w":{"a":0,"k":12.04,"ix":5,"x":"var $bm_rt;\n$bm_rt = $bm_mul($bm_div(value, 2), comp('wired-lineal-1309-load-balancer').layer('control').effect('stroke')('Menu'));"},"lc":2,"lj":2,"bm":0,"d":[{"n":"d","nm":"dash","v":{"a":0,"k":0.25,"ix":1}},{"n":"g","nm":"gap","v":{"a":0,"k":25,"ix":2}}],"nm":".tertiary","mn":"ADBE Vector Graphic - Stroke","hd":false,"cl":"tertiary"},{"ty":"tr","p":{"a":0,"k":[320.44,151.074],"ix":2},"a":{"a":0,"k":[0,0],"ix":1},"s":{"a":0,"k":[100,100],"ix":3},"r":{"a":0,"k":0,"ix":6},"o":{"a":1,"k":[{"t":0,"s":[100],"h":1},{"t":1.703,"s":[0],"h":1},{"t":5.111,"s":[100],"h":1},{"t":8.518,"s":[0],"h":1},{"t":11.926,"s":[100],"h":1},{"t":16.186,"s":[0],"h":1},{"t":19.592,"s":[100],"h":1},{"t":23,"s":[0],"h":1},{"t":27,"s":[100],"h":1}],"ix":7},"sk":{"a":0,"k":0,"ix":4},"sa":{"a":0,"k":0,"ix":5},"nm":"Transform"}],"nm":"Group 9","np":2,"cix":2,"bm":0,"ix":9,"mn":"ADBE Vector Group","hd":false},{"ty":"gr","it":[{"ind":0,"ty":"sh","ix":1,"ks":{"a":0,"k":{"i":[[0,0],[0,0]],"o":[[0,0],[0,0]],"v":[[-0.084,0],[0.084,0]],"c":false},"ix":2},"nm":"Path 1","mn":"ADBE Vector Shape - Group","hd":false},{"ty":"st","c":{"a":0,"k":[1,0.78,0.22,1],"ix":3,"x":"var $bm_rt;\n$bm_rt = comp('wired-lineal-1309-load-balancer').layer('control').effect('tertiary')('Color');"},"o":{"a":0,"k":100,"ix":4},"w":{"a":0,"k":12.04,"ix":5,"x":"var $bm_rt;\n$bm_rt = $bm_mul($bm_div(value, 2), comp('wired-lineal-1309-load-balancer').layer('control').effect('stroke')('Menu'));"},"lc":2,"lj":2,"bm":0,"d":[{"n":"d","nm":"dash","v":{"a":0,"k":0.25,"ix":1}},{"n":"g","nm":"gap","v":{"a":0,"k":25,"ix":2}}],"nm":".tertiary","mn":"ADBE Vector Graphic - Stroke","hd":false,"cl":"tertiary"},{"ty":"tr","p":{"a":0,"k":[293.161,151.074],"ix":2},"a":{"a":0,"k":[0,0],"ix":1},"s":{"a":0,"k":[100,100],"ix":3},"r":{"a":0,"k":0,"ix":6},"o":{"a":0,"k":100,"ix":7},"sk":{"a":0,"k":0,"ix":4},"sa":{"a":0,"k":0,"ix":5},"nm":"Transform"}],"nm":"Group 10","np":2,"cix":2,"bm":0,"ix":10,"mn":"ADBE Vector Group","hd":false},{"ty":"gr","it":[{"ind":0,"ty":"sh","ix":1,"ks":{"a":0,"k":{"i":[[0,0],[0,0]],"o":[[0,0],[0,0]],"v":[[-0.084,0],[0.084,0]],"c":false},"ix":2},"nm":"Path 1","mn":"ADBE Vector Shape - Group","hd":false},{"ty":"st","c":{"a":0,"k":[1,0.78,0.22,1],"ix":3,"x":"var $bm_rt;\n$bm_rt = comp('wired-lineal-1309-load-balancer').layer('control').effect('tertiary')('Color');"},"o":{"a":0,"k":100,"ix":4},"w":{"a":0,"k":12.04,"ix":5,"x":"var $bm_rt;\n$bm_rt = $bm_mul($bm_div(value, 2), comp('wired-lineal-1309-load-balancer').layer('control').effect('stroke')('Menu'));"},"lc":2,"lj":2,"bm":0,"d":[{"n":"d","nm":"dash","v":{"a":0,"k":0.25,"ix":1}},{"n":"g","nm":"gap","v":{"a":0,"k":25,"ix":2}}],"nm":".tertiary","mn":"ADBE Vector Graphic - Stroke","hd":false,"cl":"tertiary"},{"ty":"tr","p":{"a":0,"k":[265.883,151.074],"ix":2},"a":{"a":0,"k":[0,0],"ix":1},"s":{"a":0,"k":[100,100],"ix":3},"r":{"a":0,"k":0,"ix":6},"o":{"a":0,"k":100,"ix":7},"sk":{"a":0,"k":0,"ix":4},"sa":{"a":0,"k":0,"ix":5},"nm":"Transform"}],"nm":"Group 11","np":2,"cix":2,"bm":0,"ix":11,"mn":"ADBE Vector Group","hd":false},{"ty":"gr","it":[{"ind":0,"ty":"sh","ix":1,"ks":{"a":0,"k":{"i":[[0,0],[0,0]],"o":[[0,0],[0,0]],"v":[[-0.084,0],[0.084,0]],"c":false},"ix":2},"nm":"Path 1","mn":"ADBE Vector Shape - Group","hd":false},{"ty":"st","c":{"a":0,"k":[1,0.78,0.22,1],"ix":3,"x":"var $bm_rt;\n$bm_rt = comp('wired-lineal-1309-load-balancer').layer('control').effect('tertiary')('Color');"},"o":{"a":0,"k":100,"ix":4},"w":{"a":0,"k":12.04,"ix":5,"x":"var $bm_rt;\n$bm_rt = $bm_mul($bm_div(value, 2), comp('wired-lineal-1309-load-balancer').layer('control').effect('stroke')('Menu'));"},"lc":2,"lj":2,"bm":0,"d":[{"n":"d","nm":"dash","v":{"a":0,"k":0.25,"ix":1}},{"n":"g","nm":"gap","v":{"a":0,"k":25,"ix":2}}],"nm":".tertiary","mn":"ADBE Vector Graphic - Stroke","hd":false,"cl":"tertiary"},{"ty":"tr","p":{"a":0,"k":[238.604,151.074],"ix":2},"a":{"a":0,"k":[0,0],"ix":1},"s":{"a":0,"k":[100,100],"ix":3},"r":{"a":0,"k":0,"ix":6},"o":{"a":1,"k":[{"t":0,"s":[100],"h":1},{"t":6,"s":[0],"h":1},{"t":14,"s":[0],"h":1},{"t":27,"s":[100],"h":1}],"ix":7},"sk":{"a":0,"k":0,"ix":4},"sa":{"a":0,"k":0,"ix":5},"nm":"Transform"}],"nm":"Group 12","np":2,"cix":2,"bm":0,"ix":12,"mn":"ADBE Vector Group","hd":false}],"ip":0,"op":844,"st":0,"ct":1,"bm":0},{"ddd":0,"ind":4,"ty":4,"nm":"outline 7","sr":1,"ks":{"o":{"a":0,"k":100,"ix":11},"r":{"a":0,"k":0,"ix":10},"p":{"a":0,"k":[164.348,234.344,0],"ix":2,"l":2},"a":{"a":0,"k":[0,0,0],"ix":1,"l":2},"s":{"a":0,"k":[100,100,100],"ix":6,"l":2}},"ao":0,"shapes":[{"ty":"gr","it":[{"ind":0,"ty":"sh","ix":1,"ks":{"a":0,"k":{"i":[[0,0],[0,0]],"o":[[0,0],[0,0]],"v":[[51.275,-26.652],[51.472,26.721]],"c":false},"ix":2},"nm":"Path 1","mn":"ADBE Vector Shape - Group","hd":false},{"ty":"tm","s":{"a":0,"k":0,"ix":1},"e":{"a":1,"k":[{"i":{"x":[0.667],"y":[1]},"o":{"x":[0.333],"y":[0]},"t":0,"s":[0]},{"t":30,"s":[100]}],"ix":2},"o":{"a":0,"k":0,"ix":3},"m":1,"ix":2,"nm":"Trim Paths 1","mn":"ADBE Vector Filter - Trim","hd":false},{"ty":"st","c":{"a":0,"k":[0.071,0.075,0.192,1],"ix":3,"x":"var $bm_rt;\n$bm_rt = comp('wired-lineal-1309-load-balancer').layer('control').effect('primary')('Color');"},"o":{"a":0,"k":100,"ix":4},"w":{"a":0,"k":7,"ix":5,"x":"var $bm_rt;\n$bm_rt = $bm_mul($bm_div(value, 2), comp('wired-lineal-1309-load-balancer').layer('control').effect('stroke')('Menu'));"},"lc":2,"lj":2,"bm":0,"nm":".primary","mn":"ADBE Vector Graphic - Stroke","hd":false,"cl":"primary"},{"ty":"tr","p":{"a":0,"k":[0,0],"ix":2},"a":{"a":0,"k":[0,0],"ix":1},"s":{"a":0,"k":[100,100],"ix":3},"r":{"a":0,"k":0,"ix":6},"o":{"a":0,"k":100,"ix":7},"sk":{"a":0,"k":0,"ix":4},"sa":{"a":0,"k":0,"ix":5},"nm":"Transform"}],"nm":"Group 1","np":3,"cix":2,"bm":0,"ix":1,"mn":"ADBE Vector Group","hd":false}],"ip":0,"op":844,"st":0,"ct":1,"bm":0},{"ddd":0,"ind":5,"ty":4,"nm":"outline 4","sr":1,"ks":{"o":{"a":0,"k":100,"ix":11},"r":{"a":0,"k":0,"ix":10},"p":{"a":0,"k":[164.348,234.344,0],"ix":2,"l":2},"a":{"a":0,"k":[0,0,0],"ix":1,"l":2},"s":{"a":0,"k":[100,100,100],"ix":6,"l":2}},"ao":0,"shapes":[{"ty":"gr","it":[{"ind":0,"ty":"sh","ix":1,"ks":{"a":1,"k":[{"i":{"x":0.667,"y":1},"o":{"x":0.333,"y":0},"t":0,"s":[{"i":[[0,0],[0,0]],"o":[[0,0],[0,0]],"v":[[14.183,-26.687],[-14.183,26.687]],"c":false}]},{"t":30,"s":[{"i":[[0,0],[0,0]],"o":[[0,0],[0,0]],"v":[[-25.775,-26.687],[-85.079,26.687]],"c":false}]}],"ix":2},"nm":"Path 1","mn":"ADBE Vector Shape - Group","hd":false},{"ind":1,"ty":"sh","ix":2,"ks":{"a":1,"k":[{"i":{"x":0.667,"y":1},"o":{"x":0.333,"y":0},"t":0,"s":[{"i":[[0,0],[0,0]],"o":[[0,0],[0,0]],"v":[[115.823,26.815],[87.456,-26.558]],"c":false}]},{"t":30,"s":[{"i":[[0,0],[0,0]],"o":[[0,0],[0,0]],"v":[[186.718,26.815],[127.414,-26.558]],"c":false}]}],"ix":2},"nm":"Path 2","mn":"ADBE Vector Shape - Group","hd":false},{"ty":"st","c":{"a":0,"k":[0.071,0.075,0.192,1],"ix":3,"x":"var $bm_rt;\n$bm_rt = comp('wired-lineal-1309-load-balancer').layer('control').effect('primary')('Color');"},"o":{"a":0,"k":100,"ix":4},"w":{"a":0,"k":7,"ix":5,"x":"var $bm_rt;\n$bm_rt = $bm_mul($bm_div(value, 2), comp('wired-lineal-1309-load-balancer').layer('control').effect('stroke')('Menu'));"},"lc":2,"lj":2,"bm":0,"nm":".primary","mn":"ADBE Vector Graphic - Stroke","hd":false,"cl":"primary"},{"ty":"tr","p":{"a":0,"k":[0,0],"ix":2},"a":{"a":0,"k":[0,0],"ix":1},"s":{"a":0,"k":[100,100],"ix":3},"r":{"a":0,"k":0,"ix":6},"o":{"a":0,"k":100,"ix":7},"sk":{"a":0,"k":0,"ix":4},"sa":{"a":0,"k":0,"ix":5},"nm":"Transform"}],"nm":"Group 1","np":3,"cix":2,"bm":0,"ix":1,"mn":"ADBE Vector Group","hd":false},{"ty":"gr","it":[{"ty":"st","c":{"a":0,"k":[0.071,0.075,0.192,1],"ix":3,"x":"var $bm_rt;\n$bm_rt = comp('wired-lineal-1309-load-balancer').layer('control').effect('primary')('Color');"},"o":{"a":0,"k":100,"ix":4},"w":{"a":0,"k":7,"ix":5,"x":"var $bm_rt;\n$bm_rt = $bm_mul($bm_div(value, 2), comp('wired-lineal-1309-load-balancer').layer('control').effect('stroke')('Menu'));"},"lc":2,"lj":2,"bm":0,"nm":".primary","mn":"ADBE Vector Graphic - Stroke","hd":false,"cl":"primary"},{"ty":"tr","p":{"a":0,"k":[0,0],"ix":2},"a":{"a":0,"k":[0,0],"ix":1},"s":{"a":0,"k":[100,100],"ix":3},"r":{"a":0,"k":0,"ix":6},"o":{"a":0,"k":100,"ix":7},"sk":{"a":0,"k":0,"ix":4},"sa":{"a":0,"k":0,"ix":5},"nm":"Transform"}],"nm":"Group 2","np":1,"cix":2,"bm":0,"ix":2,"mn":"ADBE Vector Group","hd":false}],"ip":0,"op":844,"st":0,"ct":1,"bm":0},{"ddd":0,"ind":6,"ty":4,"nm":"outline 3","sr":1,"ks":{"o":{"a":0,"k":100,"ix":11},"r":{"a":0,"k":0,"ix":10},"p":{"a":0,"k":[215,130.323,0],"ix":2,"l":2},"a":{"a":0,"k":[250,165.323,0],"ix":1,"l":2},"s":{"a":0,"k":[100,100,100],"ix":6,"l":2}},"ao":0,"shapes":[{"ty":"gr","it":[{"ind":0,"ty":"sh","ix":1,"ks":{"a":0,"k":{"i":[[0,-9.643],[-9.643,0],[0,9.643],[9.643,0]],"o":[[0,9.643],[9.643,0],[0,-9.643],[-9.643,0]],"v":[[-17.461,0],[0,17.461],[17.461,0],[0,-17.461]],"c":true},"ix":2},"nm":"Path 1","mn":"ADBE Vector Shape - Group","hd":false},{"ty":"st","c":{"a":0,"k":[0.071,0.075,0.192,1],"ix":3,"x":"var $bm_rt;\n$bm_rt = comp('wired-lineal-1309-load-balancer').layer('control').effect('primary')('Color');"},"o":{"a":0,"k":100,"ix":4},"w":{"a":0,"k":7,"ix":5,"x":"var $bm_rt;\n$bm_rt = $bm_mul($bm_div(value, 2), comp('wired-lineal-1309-load-balancer').layer('control').effect('stroke')('Menu'));"},"lc":2,"lj":2,"bm":0,"nm":".primary","mn":"ADBE Vector Graphic - Stroke","hd":false,"cl":"primary"},{"ty":"tr","p":{"a":0,"k":[139.173,165.323],"ix":2},"a":{"a":0,"k":[0,0],"ix":1},"s":{"a":0,"k":[100,100],"ix":3},"r":{"a":0,"k":0,"ix":6},"o":{"a":0,"k":100,"ix":7},"sk":{"a":0,"k":0,"ix":4},"sa":{"a":0,"k":0,"ix":5},"nm":"Transform"}],"nm":"Group 1","np":2,"cix":2,"bm":0,"ix":1,"mn":"ADBE Vector Group","hd":false},{"ty":"gr","it":[{"ind":0,"ty":"sh","ix":1,"ks":{"a":0,"k":{"i":[[8.22,0],[0,0],[0,8.22],[0,0],[-8.22,0],[0,0],[0,-8.22],[0,0]],"o":[[0,0],[-8.22,0],[0,0],[0,-8.22],[0,0],[8.22,0],[0,0],[0,8.22]],"v":[[145.236,48.168],[-145.236,48.168],[-160.119,33.285],[-160.119,-33.285],[-145.236,-48.168],[145.236,-48.168],[160.119,-33.285],[160.119,33.285]],"c":true},"ix":2},"nm":"Path 1","mn":"ADBE Vector Shape - Group","hd":false},{"ty":"st","c":{"a":0,"k":[0.071,0.075,0.192,1],"ix":3,"x":"var $bm_rt;\n$bm_rt = comp('wired-lineal-1309-load-balancer').layer('control').effect('primary')('Color');"},"o":{"a":0,"k":100,"ix":4},"w":{"a":0,"k":7,"ix":5,"x":"var $bm_rt;\n$bm_rt = $bm_mul($bm_div(value, 2), comp('wired-lineal-1309-load-balancer').layer('control').effect('stroke')('Menu'));"},"lc":2,"lj":2,"bm":0,"nm":".primary","mn":"ADBE Vector Graphic - Stroke","hd":false,"cl":"primary"},{"ty":"tr","p":{"a":0,"k":[250,165.323],"ix":2},"a":{"a":0,"k":[0,0],"ix":1},"s":{"a":0,"k":[100,100],"ix":3},"r":{"a":0,"k":0,"ix":6},"o":{"a":0,"k":100,"ix":7},"sk":{"a":0,"k":0,"ix":4},"sa":{"a":0,"k":0,"ix":5},"nm":"Transform"}],"nm":"Group 2","np":2,"cix":2,"bm":0,"ix":2,"mn":"ADBE Vector Group","hd":false}],"ip":0,"op":844,"st":0,"ct":1,"bm":0},{"ddd":0,"ind":7,"ty":4,"nm":"outline 2","sr":1,"ks":{"o":{"a":0,"k":100,"ix":11},"r":{"a":0,"k":0,"ix":10},"p":{"a":1,"k":[{"i":{"x":0.667,"y":1},"o":{"x":0.333,"y":0},"t":0,"s":[302.377,317.256,0],"to":[10,0,0],"ti":[-10,0,0]},{"t":30,"s":[362.377,317.256,0]}],"ix":2,"l":2},"a":{"a":0,"k":[0,0,0],"ix":1,"l":2},"s":{"a":0,"k":[100,100,100],"ix":6,"l":2}},"ao":0,"shapes":[{"ty":"gr","it":[{"ind":0,"ty":"sh","ix":1,"ks":{"a":0,"k":{"i":[[8.22,0],[0,0],[0,8.22],[0,0],[-8.22,0],[0,0],[0,-8.22],[0,0]],"o":[[0,0],[-8.22,0],[0,0],[0,-8.22],[0,0],[8.22,0],[0,0],[0,8.22]],"v":[[44.516,30.835],[-44.516,30.835],[-59.399,15.952],[-59.399,-15.952],[-44.516,-30.835],[44.516,-30.835],[59.399,-15.952],[59.399,15.952]],"c":true},"ix":2},"nm":"Path 1","mn":"ADBE Vector Shape - Group","hd":false},{"ty":"st","c":{"a":0,"k":[0.071,0.075,0.192,1],"ix":3,"x":"var $bm_rt;\n$bm_rt = comp('wired-lineal-1309-load-balancer').layer('control').effect('primary')('Color');"},"o":{"a":0,"k":100,"ix":4},"w":{"a":0,"k":7,"ix":5,"x":"var $bm_rt;\n$bm_rt = $bm_mul($bm_div(value, 2), comp('wired-lineal-1309-load-balancer').layer('control').effect('stroke')('Menu'));"},"lc":2,"lj":2,"bm":0,"nm":".primary","mn":"ADBE Vector Graphic - Stroke","hd":false,"cl":"primary"},{"ty":"tr","p":{"a":0,"k":[0,0],"ix":2},"a":{"a":0,"k":[0,0],"ix":1},"s":{"a":0,"k":[100,100],"ix":3},"r":{"a":0,"k":0,"ix":6},"o":{"a":0,"k":100,"ix":7},"sk":{"a":0,"k":0,"ix":4},"sa":{"a":0,"k":0,"ix":5},"nm":"Transform"}],"nm":"Group 1","np":2,"cix":2,"bm":0,"ix":1,"mn":"ADBE Vector Group","hd":false}],"ip":0,"op":844,"st":0,"ct":1,"bm":0},{"ddd":0,"ind":8,"ty":4,"nm":"Warstwa 4","parent":7,"sr":1,"ks":{"o":{"a":0,"k":100,"ix":11},"r":{"a":0,"k":0,"ix":10},"p":{"a":0,"k":[0,-0.123,0],"ix":2,"l":2},"a":{"a":0,"k":[337.377,352.133,0],"ix":1,"l":2},"s":{"a":0,"k":[100,100,100],"ix":6,"l":2}},"ao":0,"shapes":[{"ty":"gr","it":[{"ind":0,"ty":"sh","ix":1,"ks":{"a":0,"k":{"i":[[0,8.219],[0,0],[-8.219,0],[0,0],[0,-8.22],[0,0],[-8.22,0],[0,0]],"o":[[0,0],[0,-8.22],[0,0],[-8.22,0],[0,0],[0,8.219],[0,0],[-8.219,0]],"v":[[-0.77,15.952],[-0.77,-15.952],[14.113,-30.834],[0.77,-30.834],[-14.113,-15.952],[-14.113,15.952],[0.77,30.834],[14.113,30.834]],"c":true},"ix":2},"nm":"Path 1","mn":"ADBE Vector Shape - Group","hd":false},{"ty":"fl","c":{"a":0,"k":[0.227,0.2,0.278,1],"ix":4,"x":"var $bm_rt;\n$bm_rt = comp('wired-lineal-1309-load-balancer').layer('control').effect('secondary')('Color');"},"o":{"a":0,"k":100,"ix":5},"r":1,"bm":0,"nm":".secondary","mn":"ADBE Vector Graphic - Fill","hd":false,"cl":"secondary"},{"ty":"tr","p":{"a":0,"k":[292.091,352.133],"ix":2},"a":{"a":0,"k":[0,0],"ix":1},"s":{"a":0,"k":[100,100],"ix":3},"r":{"a":0,"k":0,"ix":6},"o":{"a":0,"k":50,"ix":7},"sk":{"a":0,"k":0,"ix":4},"sa":{"a":0,"k":0,"ix":5},"nm":"Transform"}],"nm":"Group 1","np":2,"cix":2,"bm":1,"ix":1,"mn":"ADBE Vector Group","hd":false},{"ty":"gr","it":[{"ind":0,"ty":"sh","ix":1,"ks":{"a":0,"k":{"i":[[8.22,0],[0,0],[0,8.22],[0,0],[-8.22,0],[0,0],[0,-8.22],[0,0]],"o":[[0,0],[-8.22,0],[0,0],[0,-8.22],[0,0],[8.22,0],[0,0],[0,8.22]],"v":[[44.516,30.835],[-44.516,30.835],[-59.399,15.952],[-59.399,-15.952],[-44.516,-30.835],[44.516,-30.835],[59.399,-15.952],[59.399,15.952]],"c":true},"ix":2},"nm":"Path 1","mn":"ADBE Vector Shape - Group","hd":false},{"ty":"fl","c":{"a":0,"k":[0.227,0.2,0.278,1],"ix":4,"x":"var $bm_rt;\n$bm_rt = comp('wired-lineal-1309-load-balancer').layer('control').effect('secondary')('Color');"},"o":{"a":0,"k":100,"ix":5},"r":1,"bm":0,"nm":".secondary","mn":"ADBE Vector Graphic - Fill","hd":false,"cl":"secondary"},{"ty":"tr","p":{"a":0,"k":[337.377,352.133],"ix":2},"a":{"a":0,"k":[0,0],"ix":1},"s":{"a":0,"k":[100,100],"ix":3},"r":{"a":0,"k":0,"ix":6},"o":{"a":0,"k":100,"ix":7},"sk":{"a":0,"k":0,"ix":4},"sa":{"a":0,"k":0,"ix":5},"nm":"Transform"}],"nm":"Group 2","np":2,"cix":2,"bm":0,"ix":2,"mn":"ADBE Vector Group","hd":false}],"ip":0,"op":844,"st":0,"ct":1,"bm":0},{"ddd":0,"ind":9,"ty":4,"nm":"outline","sr":1,"ks":{"o":{"a":0,"k":100,"ix":11},"r":{"a":0,"k":0,"ix":10},"p":{"a":1,"k":[{"i":{"x":0.667,"y":1},"o":{"x":0.333,"y":0},"t":0,"s":[127.866,317.256,0],"to":[-10,0,0],"ti":[10,0,0]},{"t":30,"s":[67.866,317.256,0]}],"ix":2,"l":2},"a":{"a":0,"k":[0,0,0],"ix":1,"l":2},"s":{"a":0,"k":[100,100,100],"ix":6,"l":2}},"ao":0,"shapes":[{"ty":"gr","it":[{"ind":0,"ty":"sh","ix":1,"ks":{"a":0,"k":{"i":[[8.22,0],[0,0],[0,8.22],[0,0],[-8.22,0],[0,0],[0,-8.22],[0,0]],"o":[[0,0],[-8.22,0],[0,0],[0,-8.22],[0,0],[8.22,0],[0,0],[0,8.22]],"v":[[44.759,30.835],[-44.759,30.835],[-59.642,15.952],[-59.642,-15.952],[-44.759,-30.835],[44.759,-30.835],[59.642,-15.952],[59.642,15.952]],"c":true},"ix":2},"nm":"Path 1","mn":"ADBE Vector Shape - Group","hd":false},{"ty":"st","c":{"a":0,"k":[0.071,0.075,0.192,1],"ix":3,"x":"var $bm_rt;\n$bm_rt = comp('wired-lineal-1309-load-balancer').layer('control').effect('primary')('Color');"},"o":{"a":0,"k":100,"ix":4},"w":{"a":0,"k":7,"ix":5,"x":"var $bm_rt;\n$bm_rt = $bm_mul($bm_div(value, 2), comp('wired-lineal-1309-load-balancer').layer('control').effect('stroke')('Menu'));"},"lc":2,"lj":2,"bm":0,"nm":".primary","mn":"ADBE Vector Graphic - Stroke","hd":false,"cl":"primary"},{"ty":"tr","p":{"a":0,"k":[0,0],"ix":2},"a":{"a":0,"k":[0,0],"ix":1},"s":{"a":0,"k":[100,100],"ix":3},"r":{"a":0,"k":0,"ix":6},"o":{"a":0,"k":100,"ix":7},"sk":{"a":0,"k":0,"ix":4},"sa":{"a":0,"k":0,"ix":5},"nm":"Transform"}],"nm":"Group 1","np":2,"cix":2,"bm":0,"ix":1,"mn":"ADBE Vector Group","hd":false}],"ip":0,"op":844,"st":0,"ct":1,"bm":0},{"ddd":0,"ind":10,"ty":4,"nm":"Warstwa 5","parent":9,"sr":1,"ks":{"o":{"a":0,"k":100,"ix":11},"r":{"a":0,"k":0,"ix":10},"p":{"a":0,"k":[0.011,0.377,0],"ix":2,"l":2},"a":{"a":0,"k":[337.377,352.133,0],"ix":1,"l":2},"s":{"a":0,"k":[100,100,100],"ix":6,"l":2}},"ao":0,"shapes":[{"ty":"gr","it":[{"ind":0,"ty":"sh","ix":1,"ks":{"a":0,"k":{"i":[[0,8.219],[0,0],[-8.219,0],[0,0],[0,-8.22],[0,0],[-8.22,0],[0,0]],"o":[[0,0],[0,-8.22],[0,0],[-8.22,0],[0,0],[0,8.219],[0,0],[-8.219,0]],"v":[[-0.77,15.952],[-0.77,-15.952],[14.113,-30.834],[0.77,-30.834],[-14.113,-15.952],[-14.113,15.952],[0.77,30.834],[14.113,30.834]],"c":true},"ix":2},"nm":"Path 1","mn":"ADBE Vector Shape - Group","hd":false},{"ty":"fl","c":{"a":0,"k":[0.227,0.2,0.278,1],"ix":4,"x":"var $bm_rt;\n$bm_rt = comp('wired-lineal-1309-load-balancer').layer('control').effect('secondary')('Color');"},"o":{"a":0,"k":100,"ix":5},"r":1,"bm":0,"nm":".secondary","mn":"ADBE Vector Graphic - Fill","hd":false,"cl":"secondary"},{"ty":"tr","p":{"a":0,"k":[292.091,352.133],"ix":2},"a":{"a":0,"k":[0,0],"ix":1},"s":{"a":0,"k":[100,100],"ix":3},"r":{"a":0,"k":0,"ix":6},"o":{"a":0,"k":50,"ix":7},"sk":{"a":0,"k":0,"ix":4},"sa":{"a":0,"k":0,"ix":5},"nm":"Transform"}],"nm":"Group 1","np":2,"cix":2,"bm":1,"ix":1,"mn":"ADBE Vector Group","hd":false},{"ty":"gr","it":[{"ind":0,"ty":"sh","ix":1,"ks":{"a":0,"k":{"i":[[8.22,0],[0,0],[0,8.22],[0,0],[-8.22,0],[0,0],[0,-8.22],[0,0]],"o":[[0,0],[-8.22,0],[0,0],[0,-8.22],[0,0],[8.22,0],[0,0],[0,8.22]],"v":[[44.516,30.835],[-44.516,30.835],[-59.399,15.952],[-59.399,-15.952],[-44.516,-30.835],[44.516,-30.835],[59.399,-15.952],[59.399,15.952]],"c":true},"ix":2},"nm":"Path 1","mn":"ADBE Vector Shape - Group","hd":false},{"ty":"fl","c":{"a":0,"k":[0.227,0.2,0.278,1],"ix":4,"x":"var $bm_rt;\n$bm_rt = comp('wired-lineal-1309-load-balancer').layer('control').effect('secondary')('Color');"},"o":{"a":0,"k":100,"ix":5},"r":1,"bm":0,"nm":".secondary","mn":"ADBE Vector Graphic - Fill","hd":false,"cl":"secondary"},{"ty":"tr","p":{"a":0,"k":[337.377,352.133],"ix":2},"a":{"a":0,"k":[0,0],"ix":1},"s":{"a":0,"k":[100,100],"ix":3},"r":{"a":0,"k":0,"ix":6},"o":{"a":0,"k":100,"ix":7},"sk":{"a":0,"k":0,"ix":4},"sa":{"a":0,"k":0,"ix":5},"nm":"Transform"}],"nm":"Group 2","np":2,"cix":2,"bm":0,"ix":2,"mn":"ADBE Vector Group","hd":false}],"ip":0,"op":844,"st":0,"ct":1,"bm":0},{"ddd":0,"ind":11,"ty":4,"nm":"Warstwa 3","sr":1,"ks":{"o":{"a":0,"k":100,"ix":11},"r":{"a":0,"k":0,"ix":10},"p":{"a":0,"k":[215,130.2,0],"ix":2,"l":2},"a":{"a":0,"k":[250,165.2,0],"ix":1,"l":2},"s":{"a":0,"k":[100,100,100],"ix":6,"l":2}},"ao":0,"shapes":[{"ty":"gr","it":[{"ind":0,"ty":"sh","ix":1,"ks":{"a":0,"k":{"i":[[0,8.22],[0,0],[-8.219,0],[0,0],[0,-8.22],[0,0],[-8.219,0],[0,0]],"o":[[0,0],[0,-8.22],[0,0],[-8.219,0],[0,0],[0,8.22],[0,0],[-8.219,0]],"v":[[-0.77,33.285],[-0.77,-33.285],[14.113,-48.168],[0.77,-48.168],[-14.113,-33.285],[-14.113,33.285],[0.77,48.168],[14.113,48.168]],"c":true},"ix":2},"nm":"Path 1","mn":"ADBE Vector Shape - Group","hd":false},{"ty":"fl","c":{"a":0,"k":[0.227,0.2,0.278,1],"ix":4,"x":"var $bm_rt;\n$bm_rt = comp('wired-lineal-1309-load-balancer').layer('control').effect('secondary')('Color');"},"o":{"a":0,"k":100,"ix":5},"r":1,"bm":0,"nm":".secondary","mn":"ADBE Vector Graphic - Fill","hd":false,"cl":"secondary"},{"ty":"tr","p":{"a":0,"k":[103.994,165.2],"ix":2},"a":{"a":0,"k":[0,0],"ix":1},"s":{"a":0,"k":[100,100],"ix":3},"r":{"a":0,"k":0,"ix":6},"o":{"a":0,"k":50,"ix":7},"sk":{"a":0,"k":0,"ix":4},"sa":{"a":0,"k":0,"ix":5},"nm":"Transform"}],"nm":"Group 1","np":2,"cix":2,"bm":1,"ix":1,"mn":"ADBE Vector Group","hd":false},{"ty":"gr","it":[{"ind":0,"ty":"sh","ix":1,"ks":{"a":0,"k":{"i":[[0,-9.643],[-9.643,0],[0,9.643],[9.643,0]],"o":[[0,9.643],[9.643,0],[0,-9.643],[-9.643,0]],"v":[[-17.461,0],[0,17.461],[17.461,0],[0,-17.461]],"c":true},"ix":2},"nm":"Path 1","mn":"ADBE Vector Shape - Group","hd":false},{"ty":"fl","c":{"a":0,"k":[1,0.78,0.22,1],"ix":4,"x":"var $bm_rt;\n$bm_rt = comp('wired-lineal-1309-load-balancer').layer('control').effect('tertiary')('Color');"},"o":{"a":0,"k":100,"ix":5},"r":1,"bm":0,"nm":".tertiary","mn":"ADBE Vector Graphic - Fill","hd":false,"cl":"tertiary"},{"ty":"tr","p":{"a":0,"k":[139.173,165.2],"ix":2},"a":{"a":0,"k":[0,0],"ix":1},"s":{"a":0,"k":[100,100],"ix":3},"r":{"a":0,"k":0,"ix":6},"o":{"a":0,"k":100,"ix":7},"sk":{"a":0,"k":0,"ix":4},"sa":{"a":0,"k":0,"ix":5},"nm":"Transform"}],"nm":"Group 2","np":2,"cix":2,"bm":0,"ix":2,"mn":"ADBE Vector Group","hd":false},{"ty":"gr","it":[{"ind":0,"ty":"sh","ix":1,"ks":{"a":0,"k":{"i":[[8.22,0],[0,0],[0,8.22],[0,0],[-8.22,0],[0,0],[0,-8.22],[0,0]],"o":[[0,0],[-8.22,0],[0,0],[0,-8.22],[0,0],[8.22,0],[0,0],[0,8.22]],"v":[[145.236,48.168],[-145.236,48.168],[-160.119,33.285],[-160.119,-33.285],[-145.236,-48.168],[145.236,-48.168],[160.119,-33.285],[160.119,33.285]],"c":true},"ix":2},"nm":"Path 1","mn":"ADBE Vector Shape - Group","hd":false},{"ty":"fl","c":{"a":0,"k":[0.227,0.2,0.278,1],"ix":4,"x":"var $bm_rt;\n$bm_rt = comp('wired-lineal-1309-load-balancer').layer('control').effect('secondary')('Color');"},"o":{"a":0,"k":100,"ix":5},"r":1,"bm":0,"nm":".secondary","mn":"ADBE Vector Graphic - Fill","hd":false,"cl":"secondary"},{"ty":"tr","p":{"a":0,"k":[250,165.2],"ix":2},"a":{"a":0,"k":[0,0],"ix":1},"s":{"a":0,"k":[100,100],"ix":3},"r":{"a":0,"k":0,"ix":6},"o":{"a":0,"k":100,"ix":7},"sk":{"a":0,"k":0,"ix":4},"sa":{"a":0,"k":0,"ix":5},"nm":"Transform"}],"nm":"Group 3","np":2,"cix":2,"bm":0,"ix":3,"mn":"ADBE Vector Group","hd":false}],"ip":0,"op":844,"st":0,"ct":1,"bm":0}]}],"layers":[{"ddd":0,"ind":1,"ty":3,"nm":"control","sr":1,"ks":{"o":{"a":0,"k":0,"ix":11},"r":{"a":0,"k":0,"ix":10},"p":{"a":0,"k":[0,0],"ix":2,"l":2},"a":{"a":0,"k":[0,0,0],"ix":1,"l":2},"s":{"a":0,"k":[100,100,100],"ix":6,"l":2}},"ao":0,"ef":[{"ty":5,"nm":"stroke","np":3,"mn":"Pseudo/@@eG1X8T+rSDeQxtVvi0YtRA","ix":1,"en":1,"ef":[{"ty":7,"nm":"Menu","mn":"Pseudo/@@eG1X8T+rSDeQxtVvi0YtRA-0001","ix":1,"v":{"a":0,"k":2,"ix":1}}]},{"ty":5,"nm":"primary","np":3,"mn":"ADBE Color Control","ix":2,"en":1,"ef":[{"ty":2,"nm":"Color","mn":"ADBE Color Control-0001","ix":1,"v":{"a":0,"k":[0.071,0.075,0.192],"ix":1}}]},{"ty":5,"nm":"secondary","np":3,"mn":"ADBE Color Control","ix":3,"en":1,"ef":[{"ty":2,"nm":"Color","mn":"ADBE Color Control-0001","ix":1,"v":{"a":0,"k":[0.227,0.2,0.278],"ix":1}}]},{"ty":5,"nm":"tertiary","np":3,"mn":"ADBE Color Control","ix":4,"en":1,"ef":[{"ty":2,"nm":"Color","mn":"ADBE Color Control-0001","ix":1,"v":{"a":0,"k":[1,0.78,0.22],"ix":1}}]}],"ip":0,"op":68,"st":0,"bm":0},{"ddd":0,"ind":2,"ty":0,"nm":"hover-pinch","refId":"comp_0","sr":1,"ks":{"o":{"a":0,"k":100,"ix":11},"r":{"a":0,"k":0,"ix":10},"p":{"a":0,"k":[215,215,0],"ix":2,"l":2},"a":{"a":0,"k":[215,215,0],"ix":1,"l":2},"s":{"a":0,"k":[100,100,100],"ix":6,"l":2}},"ao":0,"w":430,"h":430,"ip":0,"op":37,"st":0,"bm":0},{"ddd":0,"ind":3,"ty":0,"nm":"morph-add","refId":"comp_1","sr":1,"ks":{"o":{"a":0,"k":100,"ix":11},"r":{"a":0,"k":0,"ix":10},"p":{"a":0,"k":[215,215,0],"ix":2,"l":2},"a":{"a":0,"k":[215,215,0],"ix":1,"l":2},"s":{"a":0,"k":[100,100,100],"ix":6,"l":2}},"ao":0,"w":430,"h":430,"ip":37,"op":77,"st":37,"bm":0}],"markers":[{"tm":0,"cm":"default:hover-pinch","dr":27},{"tm":37,"cm":"morph-add","dr":30}]}