{"v":"5.12.1","fr":60,"ip":100,"op":220,"w":430,"h":430,"nm":"wired-flat-46-timer-stopwatch","ddd":0,"assets":[{"id":"comp_0","nm":"in-reveal","fr":60,"layers":[{"ddd":0,"ind":1,"ty":4,"nm":"Warstwa 5","parent":2,"sr":1,"ks":{"o":{"a":0,"k":100,"ix":11},"r":{"a":1,"k":[{"i":{"x":[0.833],"y":[0.833]},"o":{"x":[0.111],"y":[0]},"t":0,"s":[0]},{"i":{"x":[0.667],"y":[1]},"o":{"x":[0.167],"y":[0.485]},"t":65,"s":[720]},{"i":{"x":[0.667],"y":[1]},"o":{"x":[0.333],"y":[0]},"t":69,"s":[731]},{"i":{"x":[0.667],"y":[1]},"o":{"x":[0.333],"y":[0]},"t":80,"s":[712]},{"t":91,"s":[720]}],"ix":10},"p":{"a":0,"k":[249.875,271.5,0],"ix":2,"l":2},"a":{"a":0,"k":[-0.124,27.588,0],"ix":1,"l":2},"s":{"a":0,"k":[100,100,100],"ix":6,"l":2}},"ao":0,"shapes":[{"ty":"gr","it":[{"ind":0,"ty":"sh","ix":1,"ks":{"a":1,"k":[{"i":{"x":0.833,"y":0.833},"o":{"x":0.167,"y":0.167},"t":0,"s":[{"i":[[0,-0.411],[6.937,0],[-0.727,7.322],[-2.075,1.84],[-5.717,-4.745],[0,0]],"o":[[0,6.783],[-7.356,0],[0,0],[3.971,-3.522],[3.365,2.793],[0.043,0.419]],"v":[[12.446,28.094],[0.001,40.513],[-12.384,26.845],[-9.178,19.963],[9.071,19.767],[12.386,26.845]],"c":true}]},{"t":19,"s":[{"i":[[0,-0.411],[6.937,0],[-0.727,7.322],[0,0],[-0.357,-2.249],[0,0]],"o":[[0,6.783],[-7.356,0],[0,0],[0.357,-2.249],[0,0],[0.043,0.419]],"v":[[12.446,28.094],[0.001,40.513],[-12.384,26.845],[-1.974,-38.826],[1.977,-38.826],[12.386,26.845]],"c":true}]}],"ix":2},"nm":"Path 1","mn":"ADBE Vector Shape - Group","hd":false},{"ty":"fl","c":{"a":0,"k":[0.949,0.298,0,1],"ix":4,"x":"var $bm_rt;\n$bm_rt = comp('wired-flat-46-timer-stopwatch').layer('control').effect('secondary')('Color');"},"o":{"a":0,"k":100,"ix":5},"r":1,"bm":0,"nm":".secondary","mn":"ADBE Vector Graphic - Fill","hd":false,"cl":"secondary"},{"ty":"tr","p":{"a":0,"k":[0,0],"ix":2},"a":{"a":0,"k":[0,0],"ix":1},"s":{"a":0,"k":[100,100],"ix":3},"r":{"a":0,"k":0,"ix":6},"o":{"a":0,"k":100,"ix":7},"sk":{"a":0,"k":0,"ix":4},"sa":{"a":0,"k":0,"ix":5},"nm":"Transform"}],"nm":"Group 1","np":2,"cix":2,"bm":0,"ix":1,"mn":"ADBE Vector Group","hd":false}],"ip":1,"op":300,"st":0,"ct":1,"bm":0},{"ddd":0,"ind":2,"ty":4,"nm":"Warstwa 4","sr":1,"ks":{"o":{"a":0,"k":100,"ix":11},"r":{"a":0,"k":0,"ix":10},"p":{"a":1,"k":[{"i":{"x":0.582,"y":1},"o":{"x":0.333,"y":0},"t":45,"s":[215.5,214.973,0],"to":[0,0,0],"ti":[0,0,0]},{"t":91,"s":[215.5,238.973,0]}],"ix":2,"l":2},"a":{"a":0,"k":[250,270.723,0],"ix":1,"l":2},"s":{"a":1,"k":[{"i":{"x":[0.046,0.046,0.667],"y":[1,1,1]},"o":{"x":[0.167,0.167,0.167],"y":[0.167,0.167,0.126]},"t":0,"s":[24,24,100]},{"i":{"x":[0.428,0.428,0.833],"y":[1,1,1]},"o":{"x":[0.459,0.459,0.333],"y":[0,0,0]},"t":45,"s":[133,133,100]},{"t":91,"s":[104,104,100]}],"ix":6,"l":2}},"ao":0,"shapes":[{"ty":"gr","it":[{"ty":"gr","it":[{"ind":0,"ty":"sh","ix":1,"ks":{"a":1,"k":[{"i":{"x":0.27,"y":1},"o":{"x":0.167,"y":0.167},"t":13,"s":[{"i":[[0,0],[0,0]],"o":[[0,0],[0,0]],"v":[[-23.58,23.58],[-22.508,22.507]],"c":false}]},{"t":45,"s":[{"i":[[0,0],[0,0]],"o":[[0,0],[0,0]],"v":[[-5.293,5.293],[5.293,-5.293]],"c":false}]}],"ix":2},"nm":"Path 1","mn":"ADBE Vector Shape - Group","hd":false},{"ty":"st","c":{"a":0,"k":[0.227,0.2,0.278,1],"ix":3,"x":"var $bm_rt;\n$bm_rt = comp('wired-flat-46-timer-stopwatch').layer('control').effect('primary')('Color');"},"o":{"a":0,"k":100,"ix":4},"w":{"a":0,"k":7,"ix":5},"lc":2,"lj":2,"bm":0,"nm":".primary","mn":"ADBE Vector Graphic - Stroke","hd":false,"cl":"primary"},{"ty":"tr","p":{"a":0,"k":[174.137,346.586],"ix":2},"a":{"a":0,"k":[0,0],"ix":1},"s":{"a":0,"k":[100,100],"ix":3},"r":{"a":0,"k":0,"ix":6},"o":{"a":0,"k":100,"ix":7},"sk":{"a":0,"k":0,"ix":4},"sa":{"a":0,"k":0,"ix":5},"nm":"Transform"}],"nm":"Group 1","np":2,"cix":2,"bm":0,"ix":1,"mn":"ADBE Vector Group","hd":false},{"ty":"gr","it":[{"ind":0,"ty":"sh","ix":1,"ks":{"a":1,"k":[{"i":{"x":0.27,"y":1},"o":{"x":0.167,"y":0.167},"t":13,"s":[{"i":[[0,0],[0,0]],"o":[[0,0],[0,0]],"v":[[-33.348,0],[-31.83,0]],"c":false}]},{"t":45,"s":[{"i":[[0,0],[0,0]],"o":[[0,0],[0,0]],"v":[[-7.486,0],[7.486,0]],"c":false}]}],"ix":2},"nm":"Path 1","mn":"ADBE Vector Shape - Group","hd":false},{"ty":"st","c":{"a":0,"k":[0.227,0.2,0.278,1],"ix":3,"x":"var $bm_rt;\n$bm_rt = comp('wired-flat-46-timer-stopwatch').layer('control').effect('primary')('Color');"},"o":{"a":0,"k":100,"ix":4},"w":{"a":0,"k":7,"ix":5},"lc":2,"lj":2,"bm":0,"nm":".primary","mn":"ADBE Vector Graphic - Stroke","hd":false,"cl":"primary"},{"ty":"tr","p":{"a":0,"k":[142.713,270.723],"ix":2},"a":{"a":0,"k":[0,0],"ix":1},"s":{"a":0,"k":[100,100],"ix":3},"r":{"a":0,"k":0,"ix":6},"o":{"a":0,"k":100,"ix":7},"sk":{"a":0,"k":0,"ix":4},"sa":{"a":0,"k":0,"ix":5},"nm":"Transform"}],"nm":"Group 2","np":2,"cix":2,"bm":0,"ix":2,"mn":"ADBE Vector Group","hd":false},{"ty":"gr","it":[{"ind":0,"ty":"sh","ix":1,"ks":{"a":1,"k":[{"i":{"x":0.27,"y":1},"o":{"x":0.167,"y":0.167},"t":13,"s":[{"i":[[0,0],[0,0]],"o":[[0,0],[0,0]],"v":[[-23.58,-23.58],[-22.507,-22.508]],"c":false}]},{"t":45,"s":[{"i":[[0,0],[0,0]],"o":[[0,0],[0,0]],"v":[[-5.293,-5.293],[5.293,5.293]],"c":false}]}],"ix":2},"nm":"Path 1","mn":"ADBE Vector Shape - Group","hd":false},{"ty":"st","c":{"a":0,"k":[0.227,0.2,0.278,1],"ix":3,"x":"var $bm_rt;\n$bm_rt = comp('wired-flat-46-timer-stopwatch').layer('control').effect('primary')('Color');"},"o":{"a":0,"k":100,"ix":4},"w":{"a":0,"k":7,"ix":5},"lc":2,"lj":2,"bm":0,"nm":".primary","mn":"ADBE Vector Graphic - Stroke","hd":false,"cl":"primary"},{"ty":"tr","p":{"a":0,"k":[174.137,194.86],"ix":2},"a":{"a":0,"k":[0,0],"ix":1},"s":{"a":0,"k":[100,100],"ix":3},"r":{"a":0,"k":0,"ix":6},"o":{"a":0,"k":100,"ix":7},"sk":{"a":0,"k":0,"ix":4},"sa":{"a":0,"k":0,"ix":5},"nm":"Transform"}],"nm":"Group 3","np":2,"cix":2,"bm":0,"ix":3,"mn":"ADBE Vector Group","hd":false},{"ty":"gr","it":[{"ind":0,"ty":"sh","ix":1,"ks":{"a":1,"k":[{"i":{"x":0.27,"y":1},"o":{"x":0.167,"y":0.167},"t":13,"s":[{"i":[[0,0],[0,0]],"o":[[0,0],[0,0]],"v":[[0,-33.348],[0,-31.83]],"c":false}]},{"t":45,"s":[{"i":[[0,0],[0,0]],"o":[[0,0],[0,0]],"v":[[0,-7.486],[0,7.486]],"c":false}]}],"ix":2},"nm":"Path 1","mn":"ADBE Vector Shape - Group","hd":false},{"ty":"st","c":{"a":0,"k":[0.227,0.2,0.278,1],"ix":3,"x":"var $bm_rt;\n$bm_rt = comp('wired-flat-46-timer-stopwatch').layer('control').effect('primary')('Color');"},"o":{"a":0,"k":100,"ix":4},"w":{"a":0,"k":7,"ix":5},"lc":2,"lj":2,"bm":0,"nm":".primary","mn":"ADBE Vector Graphic - Stroke","hd":false,"cl":"primary"},{"ty":"tr","p":{"a":0,"k":[250,163.436],"ix":2},"a":{"a":0,"k":[0,0],"ix":1},"s":{"a":0,"k":[100,100],"ix":3},"r":{"a":0,"k":0,"ix":6},"o":{"a":0,"k":100,"ix":7},"sk":{"a":0,"k":0,"ix":4},"sa":{"a":0,"k":0,"ix":5},"nm":"Transform"}],"nm":"Group 4","np":2,"cix":2,"bm":0,"ix":4,"mn":"ADBE Vector Group","hd":false},{"ty":"gr","it":[{"ind":0,"ty":"sh","ix":1,"ks":{"a":1,"k":[{"i":{"x":0.27,"y":1},"o":{"x":0.167,"y":0.167},"t":13,"s":[{"i":[[0,0],[0,0]],"o":[[0,0],[0,0]],"v":[[23.581,-23.58],[22.508,-22.507]],"c":false}]},{"t":45,"s":[{"i":[[0,0],[0,0]],"o":[[0,0],[0,0]],"v":[[5.293,-5.293],[-5.293,5.293]],"c":false}]}],"ix":2},"nm":"Path 1","mn":"ADBE Vector Shape - Group","hd":false},{"ty":"st","c":{"a":0,"k":[0.227,0.2,0.278,1],"ix":3,"x":"var $bm_rt;\n$bm_rt = comp('wired-flat-46-timer-stopwatch').layer('control').effect('primary')('Color');"},"o":{"a":0,"k":100,"ix":4},"w":{"a":0,"k":7,"ix":5},"lc":2,"lj":2,"bm":0,"nm":".primary","mn":"ADBE Vector Graphic - Stroke","hd":false,"cl":"primary"},{"ty":"tr","p":{"a":0,"k":[325.863,194.86],"ix":2},"a":{"a":0,"k":[0,0],"ix":1},"s":{"a":0,"k":[100,100],"ix":3},"r":{"a":0,"k":0,"ix":6},"o":{"a":0,"k":100,"ix":7},"sk":{"a":0,"k":0,"ix":4},"sa":{"a":0,"k":0,"ix":5},"nm":"Transform"}],"nm":"Group 5","np":2,"cix":2,"bm":0,"ix":5,"mn":"ADBE Vector Group","hd":false},{"ty":"gr","it":[{"ind":0,"ty":"sh","ix":1,"ks":{"a":1,"k":[{"i":{"x":0.27,"y":1},"o":{"x":0.167,"y":0.167},"t":13,"s":[{"i":[[0,0],[0,0]],"o":[[0,0],[0,0]],"v":[[33.348,0],[31.83,0]],"c":false}]},{"t":45,"s":[{"i":[[0,0],[0,0]],"o":[[0,0],[0,0]],"v":[[7.486,0],[-7.486,0]],"c":false}]}],"ix":2},"nm":"Path 1","mn":"ADBE Vector Shape - Group","hd":false},{"ty":"st","c":{"a":0,"k":[0.227,0.2,0.278,1],"ix":3,"x":"var $bm_rt;\n$bm_rt = comp('wired-flat-46-timer-stopwatch').layer('control').effect('primary')('Color');"},"o":{"a":0,"k":100,"ix":4},"w":{"a":0,"k":7,"ix":5},"lc":2,"lj":2,"bm":0,"nm":".primary","mn":"ADBE Vector Graphic - Stroke","hd":false,"cl":"primary"},{"ty":"tr","p":{"a":0,"k":[357.287,270.723],"ix":2},"a":{"a":0,"k":[0,0],"ix":1},"s":{"a":0,"k":[100,100],"ix":3},"r":{"a":0,"k":0,"ix":6},"o":{"a":0,"k":100,"ix":7},"sk":{"a":0,"k":0,"ix":4},"sa":{"a":0,"k":0,"ix":5},"nm":"Transform"}],"nm":"Group 6","np":2,"cix":2,"bm":0,"ix":6,"mn":"ADBE Vector Group","hd":false},{"ty":"gr","it":[{"ind":0,"ty":"sh","ix":1,"ks":{"a":1,"k":[{"i":{"x":0.27,"y":1},"o":{"x":0.167,"y":0.167},"t":13,"s":[{"i":[[0,0],[0,0]],"o":[[0,0],[0,0]],"v":[[23.58,23.58],[22.507,22.508]],"c":false}]},{"t":45,"s":[{"i":[[0,0],[0,0]],"o":[[0,0],[0,0]],"v":[[5.293,5.293],[-5.293,-5.293]],"c":false}]}],"ix":2},"nm":"Path 1","mn":"ADBE Vector Shape - Group","hd":false},{"ty":"st","c":{"a":0,"k":[0.227,0.2,0.278,1],"ix":3,"x":"var $bm_rt;\n$bm_rt = comp('wired-flat-46-timer-stopwatch').layer('control').effect('primary')('Color');"},"o":{"a":0,"k":100,"ix":4},"w":{"a":0,"k":7,"ix":5},"lc":2,"lj":2,"bm":0,"nm":".primary","mn":"ADBE Vector Graphic - Stroke","hd":false,"cl":"primary"},{"ty":"tr","p":{"a":0,"k":[325.863,346.587],"ix":2},"a":{"a":0,"k":[0,0],"ix":1},"s":{"a":0,"k":[100,100],"ix":3},"r":{"a":0,"k":0,"ix":6},"o":{"a":0,"k":100,"ix":7},"sk":{"a":0,"k":0,"ix":4},"sa":{"a":0,"k":0,"ix":5},"nm":"Transform"}],"nm":"Group 7","np":2,"cix":2,"bm":0,"ix":7,"mn":"ADBE Vector Group","hd":false},{"ty":"gr","it":[{"ind":0,"ty":"sh","ix":1,"ks":{"a":1,"k":[{"i":{"x":0.27,"y":1},"o":{"x":0.167,"y":0.167},"t":13,"s":[{"i":[[0,0],[0,0]],"o":[[0,0],[0,0]],"v":[[0,33.348],[0,31.83]],"c":false}]},{"t":45,"s":[{"i":[[0,0],[0,0]],"o":[[0,0],[0,0]],"v":[[0,7.486],[0,-7.486]],"c":false}]}],"ix":2},"nm":"Path 1","mn":"ADBE Vector Shape - Group","hd":false},{"ty":"st","c":{"a":0,"k":[0.227,0.2,0.278,1],"ix":3,"x":"var $bm_rt;\n$bm_rt = comp('wired-flat-46-timer-stopwatch').layer('control').effect('primary')('Color');"},"o":{"a":0,"k":100,"ix":4},"w":{"a":0,"k":7,"ix":5},"lc":2,"lj":2,"bm":0,"nm":".primary","mn":"ADBE Vector Graphic - Stroke","hd":false,"cl":"primary"},{"ty":"tr","p":{"a":0,"k":[250,378.01],"ix":2},"a":{"a":0,"k":[0,0],"ix":1},"s":{"a":0,"k":[100,100],"ix":3},"r":{"a":0,"k":0,"ix":6},"o":{"a":0,"k":100,"ix":7},"sk":{"a":0,"k":0,"ix":4},"sa":{"a":0,"k":0,"ix":5},"nm":"Transform"}],"nm":"Group 8","np":2,"cix":2,"bm":0,"ix":8,"mn":"ADBE Vector Group","hd":false},{"ty":"tr","p":{"a":0,"k":[250,378.01],"ix":2},"a":{"a":0,"k":[250,378.01],"ix":1},"s":{"a":0,"k":[100,100],"ix":3},"r":{"a":0,"k":0,"ix":6},"o":{"a":1,"k":[{"t":0,"s":[0],"h":1},{"t":13,"s":[100],"h":1}],"ix":7},"sk":{"a":0,"k":0,"ix":4},"sa":{"a":0,"k":0,"ix":5},"nm":"Transform"}],"nm":"Group 1","np":8,"cix":2,"bm":0,"ix":1,"mn":"ADBE Vector Group","hd":false},{"ty":"gr","it":[{"ind":0,"ty":"sh","ix":1,"ks":{"a":1,"k":[{"i":{"x":0.28,"y":1},"o":{"x":0.167,"y":0.167},"t":13,"s":[{"i":[[-24.703,17.813],[1.88,-1.88],[36.407,0],[27.724,27.724],[-55.447,55.447],[-6.133,4.402],[-53.578,-53.556],[-36.418,0]],"o":[[-1.742,1.96],[-27.718,27.718],[-36.418,0],[-55.447,-55.447],[5.502,-5.502],[-49.933,55.768],[27.729,27.718],[29.173,0]],"v":[[124.954,81.439],[119.509,87.205],[18.955,128.782],[-81.599,87.205],[-81.599,-113.914],[-64.118,-128.782],[-58.673,66.572],[41.881,108.148]],"c":true}]},{"t":45,"s":[{"i":[[-21.55,15.54],[1.64,-1.64],[31.76,0],[24.19,24.18],[-48.37,48.37],[-5.35,3.84],[-46.73,-46.73],[-31.77,0]],"o":[[-1.52,1.71],[-24.18,24.18],[-31.77,0],[-48.37,-48.37],[4.8,-4.8],[-43.56,48.65],[24.19,24.18],[25.45,0]],"v":[[108.234,71.045],[103.484,76.075],[15.764,112.345],[-71.956,76.075],[-71.956,-99.375],[-56.706,-112.345],[-51.956,58.075],[35.764,94.345]],"c":true}]}],"ix":2},"nm":"Path 1","mn":"ADBE Vector Shape - Group","hd":false},{"ty":"fl","c":{"a":0,"k":[0.922,0.902,0.937,1],"ix":4,"x":"var $bm_rt;\n$bm_rt = comp('wired-flat-46-timer-stopwatch').layer('control').effect('tertiary')('Color');"},"o":{"a":0,"k":100,"ix":5},"r":1,"bm":0,"nm":".tertiary","mn":"ADBE Vector Graphic - Fill","hd":false,"cl":"tertiary"},{"ty":"tr","p":{"a":0,"k":[234.236,282.375],"ix":2},"a":{"a":0,"k":[0,0],"ix":1},"s":{"a":0,"k":[100,100],"ix":3},"r":{"a":0,"k":0,"ix":6},"o":{"a":0,"k":50,"ix":7},"sk":{"a":0,"k":0,"ix":4},"sa":{"a":0,"k":0,"ix":5},"nm":"Transform"}],"nm":"Group 3","np":2,"cix":2,"bm":1,"ix":2,"mn":"ADBE Vector Group","hd":false},{"ty":"gr","it":[{"ind":0,"ty":"sh","ix":1,"ks":{"a":1,"k":[{"i":{"x":0.28,"y":1},"o":{"x":0.167,"y":0.167},"t":13,"s":[{"i":[[54.445,54.444],[54.444,-54.445],[-54.445,-54.444],[-35.762,0],[-27.219,27.219],[0,0]],"o":[[-54.445,-54.444],[-54.444,54.444],[27.226,27.225],[35.754,0],[0,0],[54.444,-54.445]],"v":[[99.111,-98.335],[-98.366,-98.335],[-98.366,99.142],[0.372,139.975],[99.111,99.142],[99.111,99.142]],"c":true}]},{"t":45,"s":[{"i":[[48.37,48.371],[48.371,-48.371],[-48.37,-48.371],[-31.772,0],[-24.182,24.182],[0,0]],"o":[[-48.371,-48.37],[-48.37,48.37],[24.188,24.188],[31.765,0],[0,0],[48.37,-48.371]],"v":[[87.722,-87.723],[-87.723,-87.722],[-87.723,87.723],[0,124],[87.722,87.723],[87.723,87.723]],"c":true}]}],"ix":2},"nm":"Path 1","mn":"ADBE Vector Shape - Group","hd":false},{"ty":"fl","c":{"a":0,"k":[0.922,0.902,0.937,1],"ix":4,"x":"var $bm_rt;\n$bm_rt = comp('wired-flat-46-timer-stopwatch').layer('control').effect('tertiary')('Color');"},"o":{"a":0,"k":100,"ix":5},"r":1,"bm":0,"nm":".tertiary","mn":"ADBE Vector Graphic - Fill","hd":false,"cl":"tertiary"},{"ty":"tr","p":{"a":0,"k":[250,270.723],"ix":2},"a":{"a":0,"k":[0,0],"ix":1},"s":{"a":0,"k":[100,100],"ix":3},"r":{"a":0,"k":0,"ix":6},"o":{"a":0,"k":100,"ix":7},"sk":{"a":0,"k":0,"ix":4},"sa":{"a":0,"k":0,"ix":5},"nm":"Transform"}],"nm":"Group 4","np":2,"cix":2,"bm":0,"ix":3,"mn":"ADBE Vector Group","hd":false},{"ty":"gr","it":[{"ind":0,"ty":"sh","ix":1,"ks":{"a":0,"k":{"i":[[54.584,54.584],[54.584,-54.584],[-54.584,-54.584],[-35.854,0],[-27.289,27.289],[0,0]],"o":[[-54.584,-54.584],[-54.584,54.584],[27.295,27.295],[35.846,0],[0,0],[54.584,-54.584]],"v":[[98.992,-98.992],[-98.992,-98.991],[-98.992,98.992],[0,139.93],[98.992,98.992],[98.992,98.992]],"c":true},"ix":2},"nm":"Path 1","mn":"ADBE Vector Shape - Group","hd":false},{"ty":"fl","c":{"a":0,"k":[0.227,0.2,0.278,1],"ix":4,"x":"var $bm_rt;\n$bm_rt = comp('wired-flat-46-timer-stopwatch').layer('control').effect('primary')('Color');"},"o":{"a":0,"k":100,"ix":5},"r":1,"bm":0,"nm":".primary","mn":"ADBE Vector Graphic - Fill","hd":false,"cl":"primary"},{"ty":"tr","p":{"a":0,"k":[250,270.723],"ix":2},"a":{"a":0,"k":[0,0],"ix":1},"s":{"a":0,"k":[100,100],"ix":3},"r":{"a":0,"k":0,"ix":6},"o":{"a":0,"k":100,"ix":7},"sk":{"a":0,"k":0,"ix":4},"sa":{"a":0,"k":0,"ix":5},"nm":"Transform"}],"nm":"Group 6","np":2,"cix":2,"bm":0,"ix":4,"mn":"ADBE Vector Group","hd":false},{"ty":"gr","it":[{"ty":"gr","it":[{"ind":0,"ty":"sh","ix":1,"ks":{"a":1,"k":[{"i":{"x":0.833,"y":0.833},"o":{"x":0.167,"y":0.167},"t":45,"s":[{"i":[[0,0],[0,0],[0,-2.209],[0,0],[-2.209,0],[0,0]],"o":[[0,0],[-2.209,0],[0,0],[0,2.209],[0,0],[0,0]],"v":[[15.589,30.63],[15.646,30.63],[11.646,34.63],[11.646,39.645],[15.646,43.645],[15.589,43.645]],"c":true}]},{"i":{"x":0.24,"y":1},"o":{"x":0.167,"y":0.167},"t":54,"s":[{"i":[[0,0],[0,0],[0,-2.209],[0,0],[-2.209,0],[0,0]],"o":[[0,0],[-2.209,0],[0,0],[0,2.209],[0,0],[0,0]],"v":[[11.289,7.994],[11.346,7.994],[7.346,11.994],[7.346,17.009],[11.346,21.009],[11.289,21.009]],"c":true}]},{"t":91,"s":[{"i":[[0,0],[0,0],[0,-2.209],[0,0],[-2.209,0],[0,0]],"o":[[0,0],[-2.209,0],[0,0],[0,2.209],[0,0],[0,0]],"v":[[11.475,-21.254],[-12.087,-21.254],[-16.087,-17.254],[-16.087,-2.201],[-12.087,1.799],[11.475,1.799]],"c":true}]}],"ix":2},"nm":"Path 1","mn":"ADBE Vector Shape - Group","hd":false},{"ty":"fl","c":{"a":0,"k":[0.949,0.298,0,1],"ix":4,"x":"var $bm_rt;\n$bm_rt = comp('wired-flat-46-timer-stopwatch').layer('control').effect('secondary')('Color');"},"o":{"a":0,"k":100,"ix":5},"r":1,"bm":0,"nm":".secondary","mn":"ADBE Vector Graphic - Fill","hd":false,"cl":"secondary"},{"ty":"tr","p":{"a":0,"k":[215.574,100.874],"ix":2},"a":{"a":0,"k":[0,0],"ix":1},"s":{"a":0,"k":[100,100],"ix":3},"r":{"a":0,"k":0,"ix":6},"o":{"a":0,"k":50,"ix":7},"sk":{"a":0,"k":0,"ix":4},"sa":{"a":0,"k":0,"ix":5},"nm":"Transform"}],"nm":"Group 2","np":2,"cix":2,"bm":1,"ix":1,"mn":"ADBE Vector Group","hd":false},{"ty":"gr","it":[{"ind":0,"ty":"sh","ix":1,"ks":{"a":1,"k":[{"i":{"x":0.833,"y":0.833},"o":{"x":0.167,"y":0.167},"t":45,"s":[{"i":[[2.209,0],[0,0],[0,-2.209],[0,0],[-2.209,0],[0,0],[0,2.209],[0,0]],"o":[[0,0],[-2.209,0],[0,0],[0,2.209],[0,0],[2.209,0],[0,0],[0,-2.209]],"v":[[18.549,30.694],[-18.779,30.694],[-22.779,34.694],[-22.779,39.581],[-18.779,43.581],[18.549,43.581],[22.549,39.581],[22.549,34.694]],"c":true}]},{"i":{"x":0.25,"y":1},"o":{"x":0.167,"y":0.167},"t":54,"s":[{"i":[[2.209,0],[0,0],[0,-2.209],[0,0],[-2.209,0],[0,0],[0,2.209],[0,0]],"o":[[0,0],[-2.209,0],[0,0],[0,2.209],[0,0],[2.209,0],[0,0],[0,-2.209]],"v":[[21.839,8.137],[-23.009,8.137],[-27.009,12.137],[-27.009,17.025],[-23.009,21.025],[21.839,21.025],[25.839,17.025],[25.839,12.137]],"c":true}]},{"t":91,"s":[{"i":[[2.209,0],[0,0],[0,-2.209],[0,0],[-2.209,0],[0,0],[0,2.209],[0,0]],"o":[[0,0],[-2.209,0],[0,0],[0,2.209],[0,0],[2.209,0],[0,0],[0,-2.209]],"v":[[46.755,-21.19],[-46.512,-21.19],[-50.512,-17.19],[-50.512,-2.264],[-46.512,1.736],[46.755,1.736],[50.755,-2.264],[50.755,-17.19]],"c":true}]}],"ix":2},"nm":"Path 1","mn":"ADBE Vector Shape - Group","hd":false},{"ty":"fl","c":{"a":0,"k":[0.949,0.298,0,1],"ix":4,"x":"var $bm_rt;\n$bm_rt = comp('wired-flat-46-timer-stopwatch').layer('control').effect('secondary')('Color');"},"o":{"a":0,"k":100,"ix":5},"r":1,"bm":0,"nm":".secondary","mn":"ADBE Vector Graphic - Fill","hd":false,"cl":"secondary"},{"ty":"tr","p":{"a":0,"k":[250,100.81],"ix":2},"a":{"a":0,"k":[0,0],"ix":1},"s":{"a":0,"k":[100,100],"ix":3},"r":{"a":0,"k":0,"ix":6},"o":{"a":0,"k":100,"ix":7},"sk":{"a":0,"k":0,"ix":4},"sa":{"a":0,"k":0,"ix":5},"nm":"Transform"}],"nm":"Group 5","np":2,"cix":2,"bm":0,"ix":2,"mn":"ADBE Vector Group","hd":false},{"ty":"gr","it":[{"ind":0,"ty":"sh","ix":1,"ks":{"a":1,"k":[{"i":{"x":0.833,"y":0.833},"o":{"x":0.167,"y":0.167},"t":45,"s":[{"i":[[0,0],[0,0],[0,0],[0,0]],"o":[[0,0],[0,0],[0,0],[0,0]],"v":[[11.359,19.656],[-11.497,19.697],[-11.475,12.462],[11.475,12.462]],"c":true}]},{"i":{"x":0.25,"y":1},"o":{"x":0.167,"y":0.167},"t":54,"s":[{"i":[[0,0],[0,0],[0,0],[0,0]],"o":[[0,0],[0,0],[0,0],[0,0]],"v":[[11.359,-2.9],[-11.591,-2.9],[-11.475,12.462],[11.475,12.462]],"c":true}]},{"t":91,"s":[{"i":[[0,0],[0,0],[0,0],[0,0]],"o":[[0,0],[0,0],[0,0],[0,0]],"v":[[11.475,-22.19],[-11.475,-22.19],[-11.475,12.462],[11.475,12.462]],"c":true}]}],"ix":2},"nm":"Path 1","mn":"ADBE Vector Shape - Group","hd":false},{"ty":"fl","c":{"a":0,"k":[0.949,0.298,0,1],"ix":4,"x":"var $bm_rt;\n$bm_rt = comp('wired-flat-46-timer-stopwatch').layer('control').effect('secondary')('Color');"},"o":{"a":0,"k":100,"ix":5},"r":1,"bm":0,"nm":".secondary","mn":"ADBE Vector Graphic - Fill","hd":false,"cl":"secondary"},{"ty":"tr","p":{"a":0,"k":[238.525,124.863],"ix":2},"a":{"a":0,"k":[0,0],"ix":1},"s":{"a":0,"k":[100,100],"ix":3},"r":{"a":0,"k":0,"ix":6},"o":{"a":0,"k":50,"ix":7},"sk":{"a":0,"k":0,"ix":4},"sa":{"a":0,"k":0,"ix":5},"nm":"Transform"}],"nm":"Group 7","np":2,"cix":2,"bm":1,"ix":3,"mn":"ADBE Vector Group","hd":false},{"ty":"gr","it":[{"ind":0,"ty":"sh","ix":1,"ks":{"a":1,"k":[{"i":{"x":0.833,"y":0.833},"o":{"x":0.167,"y":0.167},"t":45,"s":[{"i":[[0,0],[0,0],[0,0],[0,0]],"o":[[0,0],[0,0],[0,0],[0,0]],"v":[[22.835,18.153],[-23.066,18.153],[-22.95,13.966],[22.95,13.966]],"c":true}]},{"i":{"x":0.25,"y":1},"o":{"x":0.167,"y":0.167},"t":54,"s":[{"i":[[0,0],[0,0],[0,0],[0,0]],"o":[[0,0],[0,0],[0,0],[0,0]],"v":[[22.835,-4.404],[-23.066,-4.404],[-22.95,13.966],[22.95,13.966]],"c":true}]},{"t":91,"s":[{"i":[[0,0],[0,0],[0,0],[0,0]],"o":[[0,0],[0,0],[0,0],[0,0]],"v":[[22.95,-23.693],[-22.95,-23.693],[-22.95,13.966],[22.95,13.966]],"c":true}]}],"ix":2},"nm":"Path 1","mn":"ADBE Vector Shape - Group","hd":false},{"ty":"fl","c":{"a":0,"k":[0.949,0.298,0,1],"ix":4,"x":"var $bm_rt;\n$bm_rt = comp('wired-flat-46-timer-stopwatch').layer('control').effect('secondary')('Color');"},"o":{"a":0,"k":100,"ix":5},"r":1,"bm":0,"nm":".secondary","mn":"ADBE Vector Graphic - Fill","hd":false,"cl":"secondary"},{"ty":"tr","p":{"a":0,"k":[250,123.36],"ix":2},"a":{"a":0,"k":[0,0],"ix":1},"s":{"a":0,"k":[100,100],"ix":3},"r":{"a":0,"k":0,"ix":6},"o":{"a":0,"k":100,"ix":7},"sk":{"a":0,"k":0,"ix":4},"sa":{"a":0,"k":0,"ix":5},"nm":"Transform"}],"nm":"Group 8","np":2,"cix":2,"bm":0,"ix":4,"mn":"ADBE Vector Group","hd":false},{"ty":"tr","p":{"a":0,"k":[249.942,138.032],"ix":2},"a":{"a":0,"k":[249.942,138.032],"ix":1},"s":{"a":0,"k":[100,100],"ix":3},"r":{"a":0,"k":0,"ix":6},"o":{"a":1,"k":[{"t":0,"s":[0],"h":1},{"t":45,"s":[100],"h":1}],"ix":7},"sk":{"a":0,"k":0,"ix":4},"sa":{"a":0,"k":0,"ix":5},"nm":"Transform"}],"nm":"Group 7","np":4,"cix":2,"bm":0,"ix":5,"mn":"ADBE Vector Group","hd":false}],"ip":1,"op":300,"st":0,"ct":1,"bm":0},{"ddd":0,"ind":3,"ty":4,"nm":"Warstwa 3","parent":2,"sr":1,"ks":{"o":{"a":0,"k":100,"ix":11},"r":{"a":0,"k":0,"ix":10},"p":{"a":0,"k":[354.311,165.928,0],"ix":2,"l":2},"a":{"a":0,"k":[0,0,0],"ix":1,"l":2},"s":{"a":0,"k":[100,100,100],"ix":6,"l":2}},"ao":0,"shapes":[{"ty":"gr","it":[{"ind":0,"ty":"sh","ix":1,"ks":{"a":1,"k":[{"i":{"x":0.27,"y":1},"o":{"x":0.167,"y":0.167},"t":54,"s":[{"i":[[0.619,0.619],[0,0],[1.289,-1.287],[0,0],[0,-0.875],[-0.619,-0.619],[0,0],[0,0],[-1.288,-1.289],[-0.845,0],[-0.644,0.644],[0,0],[0,0],[-0.844,0],[-0.644,0.644],[0,0],[0,0.875]],"o":[[0,0],[-1.288,-1.288],[0,0],[-0.619,0.619],[0,0.875],[0,0],[0,0],[-1.288,1.288],[0.644,0.644],[0.844,0],[0,0],[0,0],[0.644,0.644],[0.844,0],[0,0],[0.619,-0.619],[0,-0.875]],"v":[[1.804,17.352],[-15.859,-0.311],[-20.524,-0.312],[-28.638,7.799],[-29.605,10.132],[-28.638,12.465],[-21.897,19.207],[-23.283,20.592],[-23.283,25.257],[-20.95,26.224],[-18.618,25.258],[-17.231,23.872],[-10.975,30.128],[-8.643,31.094],[-6.31,30.128],[1.804,22.018],[2.77,19.685]],"c":true}]},{"t":91,"s":[{"i":[[0.619,0.619],[0,0],[1.289,-1.287],[0,0],[0,-0.875],[-0.619,-0.619],[0,0],[0,0],[-1.288,-1.289],[-0.845,0],[-0.644,0.644],[0,0],[0,0],[-0.844,0],[-0.644,0.644],[0,0],[0,0.875]],"o":[[0,0],[-1.288,-1.288],[0,0],[-0.619,0.619],[0,0.875],[0,0],[0,0],[-1.288,1.288],[0.644,0.644],[0.844,0],[0,0],[0,0],[0.644,0.644],[0.844,0],[0,0],[0.619,-0.619],[0,-0.875]],"v":[[15.221,2.444],[-2.441,-15.22],[-7.107,-15.221],[-15.221,-7.109],[-16.188,-4.776],[-15.221,-2.443],[-8.479,4.298],[-9.865,5.684],[-9.866,10.349],[-7.533,11.316],[-5.2,10.35],[-3.814,8.964],[2.442,15.22],[4.775,16.186],[7.107,15.22],[15.221,7.109],[16.188,4.777]],"c":true}]}],"ix":2},"nm":"Path 1","mn":"ADBE Vector Shape - Group","hd":false},{"ty":"fl","c":{"a":0,"k":[0.949,0.298,0,1],"ix":4,"x":"var $bm_rt;\n$bm_rt = comp('wired-flat-46-timer-stopwatch').layer('control').effect('secondary')('Color');"},"o":{"a":0,"k":100,"ix":5},"r":1,"bm":0,"nm":".secondary","mn":"ADBE Vector Graphic - Fill","hd":false,"cl":"secondary"},{"ty":"tr","p":{"a":0,"k":[0,0],"ix":2},"a":{"a":0,"k":[0,0],"ix":1},"s":{"a":0,"k":[100,100],"ix":3},"r":{"a":0,"k":0,"ix":6},"o":{"a":0,"k":100,"ix":7},"sk":{"a":0,"k":0,"ix":4},"sa":{"a":0,"k":0,"ix":5},"nm":"Transform"}],"nm":"Group 1","np":2,"cix":2,"bm":0,"ix":1,"mn":"ADBE Vector Group","hd":false}],"ip":54,"op":300,"st":0,"ct":1,"bm":0}]},{"id":"comp_1","nm":"hover-start","fr":60,"layers":[{"ddd":0,"ind":1,"ty":4,"nm":"Warstwa 5","parent":2,"sr":1,"ks":{"o":{"a":0,"k":100,"ix":11},"r":{"a":1,"k":[{"i":{"x":[0.833],"y":[0.833]},"o":{"x":[0.111],"y":[0]},"t":6,"s":[0]},{"i":{"x":[0.667],"y":[1]},"o":{"x":[0.167],"y":[0.485]},"t":90,"s":[720]},{"i":{"x":[0.667],"y":[1]},"o":{"x":[0.333],"y":[0]},"t":94,"s":[731]},{"i":{"x":[0.667],"y":[1]},"o":{"x":[0.333],"y":[0]},"t":105,"s":[712]},{"t":116,"s":[720]}],"ix":10},"p":{"a":0,"k":[249.875,271.5,0],"ix":2,"l":2},"a":{"a":0,"k":[-0.124,27.588,0],"ix":1,"l":2},"s":{"a":0,"k":[100,100,100],"ix":6,"l":2}},"ao":0,"shapes":[{"ty":"gr","it":[{"ind":0,"ty":"sh","ix":1,"ks":{"a":0,"k":{"i":[[0,-0.411],[6.937,0],[-0.727,7.322],[0,0],[-0.357,-2.249],[0,0]],"o":[[0,6.783],[-7.356,0],[0,0],[0.357,-2.249],[0,0],[0.043,0.419]],"v":[[12.446,28.094],[0.001,40.513],[-12.384,26.845],[-1.974,-38.826],[1.977,-38.826],[12.386,26.845]],"c":true},"ix":2},"nm":"Path 1","mn":"ADBE Vector Shape - Group","hd":false},{"ty":"fl","c":{"a":0,"k":[0.949,0.298,0,1],"ix":4,"x":"var $bm_rt;\n$bm_rt = comp('wired-flat-46-timer-stopwatch').layer('control').effect('secondary')('Color');"},"o":{"a":0,"k":100,"ix":5},"r":1,"bm":0,"nm":".secondary","mn":"ADBE Vector Graphic - Fill","hd":false,"cl":"secondary"},{"ty":"tr","p":{"a":0,"k":[0,0],"ix":2},"a":{"a":0,"k":[0,0],"ix":1},"s":{"a":0,"k":[100,100],"ix":3},"r":{"a":0,"k":0,"ix":6},"o":{"a":0,"k":100,"ix":7},"sk":{"a":0,"k":0,"ix":4},"sa":{"a":0,"k":0,"ix":5},"nm":"Transform"}],"nm":"Group 1","np":2,"cix":2,"bm":0,"ix":1,"mn":"ADBE Vector Group","hd":false}],"ip":0,"op":300,"st":0,"ct":1,"bm":0},{"ddd":0,"ind":2,"ty":4,"nm":"Warstwa 4","sr":1,"ks":{"o":{"a":0,"k":100,"ix":11},"r":{"a":1,"k":[{"i":{"x":[0],"y":[1]},"o":{"x":[0.333],"y":[0]},"t":55,"s":[0]},{"i":{"x":[0.667],"y":[1]},"o":{"x":[0.598],"y":[0]},"t":77,"s":[13]},{"i":{"x":[0.667],"y":[1]},"o":{"x":[0.333],"y":[0]},"t":96,"s":[-2]},{"i":{"x":[0.667],"y":[1]},"o":{"x":[0.333],"y":[0]},"t":108,"s":[2]},{"t":120,"s":[0]}],"ix":10},"p":{"a":1,"k":[{"i":{"x":0.667,"y":1},"o":{"x":0.333,"y":0},"t":0,"s":[215.5,238.973,0],"to":[0,0,0],"ti":[0,0,0]},{"i":{"x":0.667,"y":1},"o":{"x":0.333,"y":0},"t":6,"s":[215.5,248.973,0],"to":[0,0,0],"ti":[0,0,0]},{"i":{"x":0.667,"y":1},"o":{"x":0.333,"y":0},"t":14,"s":[215.5,231.973,0],"to":[0,0,0],"ti":[0,0,0]},{"i":{"x":0.667,"y":0.667},"o":{"x":0.333,"y":0.333},"t":20,"s":[215.5,238.973,0],"to":[0,0,0],"ti":[0,0,0]},{"i":{"x":0.092,"y":1},"o":{"x":0.333,"y":0},"t":55,"s":[215.5,238.973,0],"to":[0,0,0],"ti":[0,0,0]},{"i":{"x":0.394,"y":1},"o":{"x":0.509,"y":0},"t":77,"s":[228.5,216.973,0],"to":[0,0,0],"ti":[0,0,0]},{"i":{"x":0.667,"y":1},"o":{"x":0.333,"y":0},"t":91,"s":[211.5,244.973,0],"to":[0,0,0],"ti":[0,0,0]},{"i":{"x":0.667,"y":1},"o":{"x":0.333,"y":0},"t":103,"s":[214.998,235.476,0],"to":[0,0,0],"ti":[0,0,0]},{"t":115,"s":[215.5,238.973,0]}],"ix":2,"l":2},"a":{"a":0,"k":[250,270.723,0],"ix":1,"l":2},"s":{"a":0,"k":[104,104,100],"ix":6,"l":2}},"ao":0,"shapes":[{"ty":"gr","it":[{"ty":"gr","it":[{"ind":0,"ty":"sh","ix":1,"ks":{"a":0,"k":{"i":[[0,0],[0,0]],"o":[[0,0],[0,0]],"v":[[-5.293,5.293],[5.293,-5.293]],"c":false},"ix":2},"nm":"Path 1","mn":"ADBE Vector Shape - Group","hd":false},{"ty":"st","c":{"a":0,"k":[0.227,0.2,0.278,1],"ix":3,"x":"var $bm_rt;\n$bm_rt = comp('wired-flat-46-timer-stopwatch').layer('control').effect('primary')('Color');"},"o":{"a":0,"k":100,"ix":4},"w":{"a":0,"k":7,"ix":5},"lc":2,"lj":2,"bm":0,"nm":".primary","mn":"ADBE Vector Graphic - Stroke","hd":false,"cl":"primary"},{"ty":"tr","p":{"a":0,"k":[174.137,346.586],"ix":2},"a":{"a":0,"k":[0,0],"ix":1},"s":{"a":0,"k":[100,100],"ix":3},"r":{"a":0,"k":0,"ix":6},"o":{"a":0,"k":100,"ix":7},"sk":{"a":0,"k":0,"ix":4},"sa":{"a":0,"k":0,"ix":5},"nm":"Transform"}],"nm":"Group 1","np":2,"cix":2,"bm":0,"ix":1,"mn":"ADBE Vector Group","hd":false},{"ty":"gr","it":[{"ind":0,"ty":"sh","ix":1,"ks":{"a":0,"k":{"i":[[0,0],[0,0]],"o":[[0,0],[0,0]],"v":[[-7.486,0],[7.486,0]],"c":false},"ix":2},"nm":"Path 1","mn":"ADBE Vector Shape - Group","hd":false},{"ty":"st","c":{"a":0,"k":[0.227,0.2,0.278,1],"ix":3,"x":"var $bm_rt;\n$bm_rt = comp('wired-flat-46-timer-stopwatch').layer('control').effect('primary')('Color');"},"o":{"a":0,"k":100,"ix":4},"w":{"a":0,"k":7,"ix":5},"lc":2,"lj":2,"bm":0,"nm":".primary","mn":"ADBE Vector Graphic - Stroke","hd":false,"cl":"primary"},{"ty":"tr","p":{"a":0,"k":[142.713,270.723],"ix":2},"a":{"a":0,"k":[0,0],"ix":1},"s":{"a":0,"k":[100,100],"ix":3},"r":{"a":0,"k":0,"ix":6},"o":{"a":0,"k":100,"ix":7},"sk":{"a":0,"k":0,"ix":4},"sa":{"a":0,"k":0,"ix":5},"nm":"Transform"}],"nm":"Group 2","np":2,"cix":2,"bm":0,"ix":2,"mn":"ADBE Vector Group","hd":false},{"ty":"gr","it":[{"ind":0,"ty":"sh","ix":1,"ks":{"a":0,"k":{"i":[[0,0],[0,0]],"o":[[0,0],[0,0]],"v":[[-5.293,-5.293],[5.293,5.293]],"c":false},"ix":2},"nm":"Path 1","mn":"ADBE Vector Shape - Group","hd":false},{"ty":"st","c":{"a":0,"k":[0.227,0.2,0.278,1],"ix":3,"x":"var $bm_rt;\n$bm_rt = comp('wired-flat-46-timer-stopwatch').layer('control').effect('primary')('Color');"},"o":{"a":0,"k":100,"ix":4},"w":{"a":0,"k":7,"ix":5},"lc":2,"lj":2,"bm":0,"nm":".primary","mn":"ADBE Vector Graphic - Stroke","hd":false,"cl":"primary"},{"ty":"tr","p":{"a":0,"k":[174.137,194.86],"ix":2},"a":{"a":0,"k":[0,0],"ix":1},"s":{"a":0,"k":[100,100],"ix":3},"r":{"a":0,"k":0,"ix":6},"o":{"a":0,"k":100,"ix":7},"sk":{"a":0,"k":0,"ix":4},"sa":{"a":0,"k":0,"ix":5},"nm":"Transform"}],"nm":"Group 3","np":2,"cix":2,"bm":0,"ix":3,"mn":"ADBE Vector Group","hd":false},{"ty":"gr","it":[{"ind":0,"ty":"sh","ix":1,"ks":{"a":0,"k":{"i":[[0,0],[0,0]],"o":[[0,0],[0,0]],"v":[[0,-7.486],[0,7.486]],"c":false},"ix":2},"nm":"Path 1","mn":"ADBE Vector Shape - Group","hd":false},{"ty":"st","c":{"a":0,"k":[0.227,0.2,0.278,1],"ix":3,"x":"var $bm_rt;\n$bm_rt = comp('wired-flat-46-timer-stopwatch').layer('control').effect('primary')('Color');"},"o":{"a":0,"k":100,"ix":4},"w":{"a":0,"k":7,"ix":5},"lc":2,"lj":2,"bm":0,"nm":".primary","mn":"ADBE Vector Graphic - Stroke","hd":false,"cl":"primary"},{"ty":"tr","p":{"a":0,"k":[250,163.436],"ix":2},"a":{"a":0,"k":[0,0],"ix":1},"s":{"a":0,"k":[100,100],"ix":3},"r":{"a":0,"k":0,"ix":6},"o":{"a":0,"k":100,"ix":7},"sk":{"a":0,"k":0,"ix":4},"sa":{"a":0,"k":0,"ix":5},"nm":"Transform"}],"nm":"Group 4","np":2,"cix":2,"bm":0,"ix":4,"mn":"ADBE Vector Group","hd":false},{"ty":"gr","it":[{"ind":0,"ty":"sh","ix":1,"ks":{"a":0,"k":{"i":[[0,0],[0,0]],"o":[[0,0],[0,0]],"v":[[5.293,-5.293],[-5.293,5.293]],"c":false},"ix":2},"nm":"Path 1","mn":"ADBE Vector Shape - Group","hd":false},{"ty":"st","c":{"a":0,"k":[0.227,0.2,0.278,1],"ix":3,"x":"var $bm_rt;\n$bm_rt = comp('wired-flat-46-timer-stopwatch').layer('control').effect('primary')('Color');"},"o":{"a":0,"k":100,"ix":4},"w":{"a":0,"k":7,"ix":5},"lc":2,"lj":2,"bm":0,"nm":".primary","mn":"ADBE Vector Graphic - Stroke","hd":false,"cl":"primary"},{"ty":"tr","p":{"a":0,"k":[325.863,194.86],"ix":2},"a":{"a":0,"k":[0,0],"ix":1},"s":{"a":0,"k":[100,100],"ix":3},"r":{"a":0,"k":0,"ix":6},"o":{"a":0,"k":100,"ix":7},"sk":{"a":0,"k":0,"ix":4},"sa":{"a":0,"k":0,"ix":5},"nm":"Transform"}],"nm":"Group 5","np":2,"cix":2,"bm":0,"ix":5,"mn":"ADBE Vector Group","hd":false},{"ty":"gr","it":[{"ind":0,"ty":"sh","ix":1,"ks":{"a":0,"k":{"i":[[0,0],[0,0]],"o":[[0,0],[0,0]],"v":[[7.486,0],[-7.486,0]],"c":false},"ix":2},"nm":"Path 1","mn":"ADBE Vector Shape - Group","hd":false},{"ty":"st","c":{"a":0,"k":[0.227,0.2,0.278,1],"ix":3,"x":"var $bm_rt;\n$bm_rt = comp('wired-flat-46-timer-stopwatch').layer('control').effect('primary')('Color');"},"o":{"a":0,"k":100,"ix":4},"w":{"a":0,"k":7,"ix":5},"lc":2,"lj":2,"bm":0,"nm":".primary","mn":"ADBE Vector Graphic - Stroke","hd":false,"cl":"primary"},{"ty":"tr","p":{"a":0,"k":[357.287,270.723],"ix":2},"a":{"a":0,"k":[0,0],"ix":1},"s":{"a":0,"k":[100,100],"ix":3},"r":{"a":0,"k":0,"ix":6},"o":{"a":0,"k":100,"ix":7},"sk":{"a":0,"k":0,"ix":4},"sa":{"a":0,"k":0,"ix":5},"nm":"Transform"}],"nm":"Group 6","np":2,"cix":2,"bm":0,"ix":6,"mn":"ADBE Vector Group","hd":false},{"ty":"gr","it":[{"ind":0,"ty":"sh","ix":1,"ks":{"a":0,"k":{"i":[[0,0],[0,0]],"o":[[0,0],[0,0]],"v":[[5.293,5.293],[-5.293,-5.293]],"c":false},"ix":2},"nm":"Path 1","mn":"ADBE Vector Shape - Group","hd":false},{"ty":"st","c":{"a":0,"k":[0.227,0.2,0.278,1],"ix":3,"x":"var $bm_rt;\n$bm_rt = comp('wired-flat-46-timer-stopwatch').layer('control').effect('primary')('Color');"},"o":{"a":0,"k":100,"ix":4},"w":{"a":0,"k":7,"ix":5},"lc":2,"lj":2,"bm":0,"nm":".primary","mn":"ADBE Vector Graphic - Stroke","hd":false,"cl":"primary"},{"ty":"tr","p":{"a":0,"k":[325.863,346.587],"ix":2},"a":{"a":0,"k":[0,0],"ix":1},"s":{"a":0,"k":[100,100],"ix":3},"r":{"a":0,"k":0,"ix":6},"o":{"a":0,"k":100,"ix":7},"sk":{"a":0,"k":0,"ix":4},"sa":{"a":0,"k":0,"ix":5},"nm":"Transform"}],"nm":"Group 7","np":2,"cix":2,"bm":0,"ix":7,"mn":"ADBE Vector Group","hd":false},{"ty":"gr","it":[{"ind":0,"ty":"sh","ix":1,"ks":{"a":0,"k":{"i":[[0,0],[0,0]],"o":[[0,0],[0,0]],"v":[[0,7.486],[0,-7.486]],"c":false},"ix":2},"nm":"Path 1","mn":"ADBE Vector Shape - Group","hd":false},{"ty":"st","c":{"a":0,"k":[0.227,0.2,0.278,1],"ix":3,"x":"var $bm_rt;\n$bm_rt = comp('wired-flat-46-timer-stopwatch').layer('control').effect('primary')('Color');"},"o":{"a":0,"k":100,"ix":4},"w":{"a":0,"k":7,"ix":5},"lc":2,"lj":2,"bm":0,"nm":".primary","mn":"ADBE Vector Graphic - Stroke","hd":false,"cl":"primary"},{"ty":"tr","p":{"a":0,"k":[250,378.01],"ix":2},"a":{"a":0,"k":[0,0],"ix":1},"s":{"a":0,"k":[100,100],"ix":3},"r":{"a":0,"k":0,"ix":6},"o":{"a":0,"k":100,"ix":7},"sk":{"a":0,"k":0,"ix":4},"sa":{"a":0,"k":0,"ix":5},"nm":"Transform"}],"nm":"Group 8","np":2,"cix":2,"bm":0,"ix":8,"mn":"ADBE Vector Group","hd":false},{"ty":"tr","p":{"a":0,"k":[250,378.01],"ix":2},"a":{"a":0,"k":[250,378.01],"ix":1},"s":{"a":0,"k":[100,100],"ix":3},"r":{"a":0,"k":0,"ix":6},"o":{"a":0,"k":100,"ix":7},"sk":{"a":0,"k":0,"ix":4},"sa":{"a":0,"k":0,"ix":5},"nm":"Transform"}],"nm":"Group 1","np":8,"cix":2,"bm":0,"ix":1,"mn":"ADBE Vector Group","hd":false},{"ty":"gr","it":[{"ind":0,"ty":"sh","ix":1,"ks":{"a":0,"k":{"i":[[0,0],[0,0],[0,-2.209],[0,0],[-2.209,0],[0,0]],"o":[[0,0],[-2.209,0],[0,0],[0,2.209],[0,0],[0,0]],"v":[[11.475,-21.254],[-12.087,-21.254],[-16.087,-17.254],[-16.087,-2.201],[-12.087,1.799],[11.475,1.799]],"c":true},"ix":2},"nm":"Path 1","mn":"ADBE Vector Shape - Group","hd":false},{"ty":"fl","c":{"a":0,"k":[0.949,0.298,0,1],"ix":4,"x":"var $bm_rt;\n$bm_rt = comp('wired-flat-46-timer-stopwatch').layer('control').effect('secondary')('Color');"},"o":{"a":0,"k":100,"ix":5},"r":1,"bm":0,"nm":".secondary","mn":"ADBE Vector Graphic - Fill","hd":false,"cl":"secondary"},{"ty":"tr","p":{"a":0,"k":[215.574,100.874],"ix":2},"a":{"a":0,"k":[0,0],"ix":1},"s":{"a":0,"k":[100,100],"ix":3},"r":{"a":0,"k":0,"ix":6},"o":{"a":0,"k":50,"ix":7},"sk":{"a":0,"k":0,"ix":4},"sa":{"a":0,"k":0,"ix":5},"nm":"Transform"}],"nm":"Group 2","np":2,"cix":2,"bm":1,"ix":2,"mn":"ADBE Vector Group","hd":false},{"ty":"gr","it":[{"ind":0,"ty":"sh","ix":1,"ks":{"a":0,"k":{"i":[[-21.55,15.54],[1.64,-1.64],[31.76,0],[24.19,24.18],[-48.37,48.37],[-5.35,3.84],[-46.73,-46.73],[-31.77,0]],"o":[[-1.52,1.71],[-24.18,24.18],[-31.77,0],[-48.37,-48.37],[4.8,-4.8],[-43.56,48.65],[24.19,24.18],[25.45,0]],"v":[[108.234,71.045],[103.484,76.075],[15.764,112.345],[-71.956,76.075],[-71.956,-99.375],[-56.706,-112.345],[-51.956,58.075],[35.764,94.345]],"c":true},"ix":2},"nm":"Path 1","mn":"ADBE Vector Shape - Group","hd":false},{"ty":"fl","c":{"a":0,"k":[0.922,0.902,0.937,1],"ix":4,"x":"var $bm_rt;\n$bm_rt = comp('wired-flat-46-timer-stopwatch').layer('control').effect('tertiary')('Color');"},"o":{"a":0,"k":100,"ix":5},"r":1,"bm":0,"nm":".tertiary","mn":"ADBE Vector Graphic - Fill","hd":false,"cl":"tertiary"},{"ty":"tr","p":{"a":0,"k":[234.236,282.375],"ix":2},"a":{"a":0,"k":[0,0],"ix":1},"s":{"a":0,"k":[100,100],"ix":3},"r":{"a":0,"k":0,"ix":6},"o":{"a":0,"k":50,"ix":7},"sk":{"a":0,"k":0,"ix":4},"sa":{"a":0,"k":0,"ix":5},"nm":"Transform"}],"nm":"Group 3","np":2,"cix":2,"bm":1,"ix":3,"mn":"ADBE Vector Group","hd":false},{"ty":"gr","it":[{"ind":0,"ty":"sh","ix":1,"ks":{"a":0,"k":{"i":[[48.37,48.371],[48.371,-48.371],[-48.37,-48.371],[-31.772,0],[-24.182,24.182],[0,0]],"o":[[-48.371,-48.37],[-48.37,48.37],[24.188,24.188],[31.765,0],[0,0],[48.37,-48.371]],"v":[[87.722,-87.723],[-87.723,-87.722],[-87.723,87.723],[0,124],[87.722,87.723],[87.723,87.723]],"c":true},"ix":2},"nm":"Path 1","mn":"ADBE Vector Shape - Group","hd":false},{"ty":"fl","c":{"a":0,"k":[0.922,0.902,0.937,1],"ix":4,"x":"var $bm_rt;\n$bm_rt = comp('wired-flat-46-timer-stopwatch').layer('control').effect('tertiary')('Color');"},"o":{"a":0,"k":100,"ix":5},"r":1,"bm":0,"nm":".tertiary","mn":"ADBE Vector Graphic - Fill","hd":false,"cl":"tertiary"},{"ty":"tr","p":{"a":0,"k":[250,270.723],"ix":2},"a":{"a":0,"k":[0,0],"ix":1},"s":{"a":0,"k":[100,100],"ix":3},"r":{"a":0,"k":0,"ix":6},"o":{"a":0,"k":100,"ix":7},"sk":{"a":0,"k":0,"ix":4},"sa":{"a":0,"k":0,"ix":5},"nm":"Transform"}],"nm":"Group 4","np":2,"cix":2,"bm":0,"ix":4,"mn":"ADBE Vector Group","hd":false},{"ty":"gr","it":[{"ind":0,"ty":"sh","ix":1,"ks":{"a":0,"k":{"i":[[2.209,0],[0,0],[0,-2.209],[0,0],[-2.209,0],[0,0],[0,2.209],[0,0]],"o":[[0,0],[-2.209,0],[0,0],[0,2.209],[0,0],[2.209,0],[0,0],[0,-2.209]],"v":[[46.755,-21.19],[-46.512,-21.19],[-50.512,-17.19],[-50.512,-2.264],[-46.512,1.736],[46.755,1.736],[50.755,-2.264],[50.755,-17.19]],"c":true},"ix":2},"nm":"Path 1","mn":"ADBE Vector Shape - Group","hd":false},{"ty":"fl","c":{"a":0,"k":[0.949,0.298,0,1],"ix":4,"x":"var $bm_rt;\n$bm_rt = comp('wired-flat-46-timer-stopwatch').layer('control').effect('secondary')('Color');"},"o":{"a":0,"k":100,"ix":5},"r":1,"bm":0,"nm":".secondary","mn":"ADBE Vector Graphic - Fill","hd":false,"cl":"secondary"},{"ty":"tr","p":{"a":0,"k":[250,100.81],"ix":2},"a":{"a":0,"k":[0,0],"ix":1},"s":{"a":0,"k":[100,100],"ix":3},"r":{"a":0,"k":0,"ix":6},"o":{"a":0,"k":100,"ix":7},"sk":{"a":0,"k":0,"ix":4},"sa":{"a":0,"k":0,"ix":5},"nm":"Transform"}],"nm":"Group 5","np":2,"cix":2,"bm":0,"ix":5,"mn":"ADBE Vector Group","hd":false},{"ty":"gr","it":[{"ind":0,"ty":"sh","ix":1,"ks":{"a":0,"k":{"i":[[54.584,54.584],[54.584,-54.584],[-54.584,-54.584],[-35.854,0],[-27.289,27.289],[0,0]],"o":[[-54.584,-54.584],[-54.584,54.584],[27.295,27.295],[35.846,0],[0,0],[54.584,-54.584]],"v":[[98.992,-98.992],[-98.992,-98.991],[-98.992,98.992],[0,139.93],[98.992,98.992],[98.992,98.992]],"c":true},"ix":2},"nm":"Path 1","mn":"ADBE Vector Shape - Group","hd":false},{"ty":"fl","c":{"a":0,"k":[0.227,0.2,0.278,1],"ix":4,"x":"var $bm_rt;\n$bm_rt = comp('wired-flat-46-timer-stopwatch').layer('control').effect('primary')('Color');"},"o":{"a":0,"k":100,"ix":5},"r":1,"bm":0,"nm":".primary","mn":"ADBE Vector Graphic - Fill","hd":false,"cl":"primary"},{"ty":"tr","p":{"a":0,"k":[250,270.723],"ix":2},"a":{"a":0,"k":[0,0],"ix":1},"s":{"a":0,"k":[100,100],"ix":3},"r":{"a":0,"k":0,"ix":6},"o":{"a":0,"k":100,"ix":7},"sk":{"a":0,"k":0,"ix":4},"sa":{"a":0,"k":0,"ix":5},"nm":"Transform"}],"nm":"Group 6","np":2,"cix":2,"bm":0,"ix":6,"mn":"ADBE Vector Group","hd":false},{"ty":"gr","it":[{"ind":0,"ty":"sh","ix":1,"ks":{"a":0,"k":{"i":[[0,0],[0,0],[0,0],[0,0]],"o":[[0,0],[0,0],[0,0],[0,0]],"v":[[11.475,-22.19],[-11.475,-22.19],[-11.475,12.462],[11.475,12.462]],"c":true},"ix":2},"nm":"Path 1","mn":"ADBE Vector Shape - Group","hd":false},{"ty":"fl","c":{"a":0,"k":[0.949,0.298,0,1],"ix":4,"x":"var $bm_rt;\n$bm_rt = comp('wired-flat-46-timer-stopwatch').layer('control').effect('secondary')('Color');"},"o":{"a":0,"k":100,"ix":5},"r":1,"bm":0,"nm":".secondary","mn":"ADBE Vector Graphic - Fill","hd":false,"cl":"secondary"},{"ty":"tr","p":{"a":0,"k":[238.525,124.863],"ix":2},"a":{"a":0,"k":[0,0],"ix":1},"s":{"a":0,"k":[100,100],"ix":3},"r":{"a":0,"k":0,"ix":6},"o":{"a":0,"k":50,"ix":7},"sk":{"a":0,"k":0,"ix":4},"sa":{"a":0,"k":0,"ix":5},"nm":"Transform"}],"nm":"Group 7","np":2,"cix":2,"bm":1,"ix":7,"mn":"ADBE Vector Group","hd":false},{"ty":"gr","it":[{"ind":0,"ty":"sh","ix":1,"ks":{"a":0,"k":{"i":[[0,0],[0,0],[0,0],[0,0]],"o":[[0,0],[0,0],[0,0],[0,0]],"v":[[22.95,-23.693],[-22.95,-23.693],[-22.95,13.966],[22.95,13.966]],"c":true},"ix":2},"nm":"Path 1","mn":"ADBE Vector Shape - Group","hd":false},{"ty":"fl","c":{"a":0,"k":[0.949,0.298,0,1],"ix":4,"x":"var $bm_rt;\n$bm_rt = comp('wired-flat-46-timer-stopwatch').layer('control').effect('secondary')('Color');"},"o":{"a":0,"k":100,"ix":5},"r":1,"bm":0,"nm":".secondary","mn":"ADBE Vector Graphic - Fill","hd":false,"cl":"secondary"},{"ty":"tr","p":{"a":0,"k":[250,123.36],"ix":2},"a":{"a":0,"k":[0,0],"ix":1},"s":{"a":0,"k":[100,100],"ix":3},"r":{"a":0,"k":0,"ix":6},"o":{"a":0,"k":100,"ix":7},"sk":{"a":0,"k":0,"ix":4},"sa":{"a":0,"k":0,"ix":5},"nm":"Transform"}],"nm":"Group 8","np":2,"cix":2,"bm":0,"ix":8,"mn":"ADBE Vector Group","hd":false}],"ip":0,"op":300,"st":0,"ct":1,"bm":0},{"ddd":0,"ind":3,"ty":4,"nm":"Warstwa 3","parent":2,"sr":1,"ks":{"o":{"a":0,"k":100,"ix":11},"r":{"a":0,"k":0,"ix":10},"p":{"a":0,"k":[354.311,165.928,0],"ix":2,"l":2},"a":{"a":0,"k":[0,0,0],"ix":1,"l":2},"s":{"a":0,"k":[100,100,100],"ix":6,"l":2}},"ao":0,"shapes":[{"ty":"gr","it":[{"ind":0,"ty":"sh","ix":1,"ks":{"a":1,"k":[{"i":{"x":0.667,"y":1},"o":{"x":0.333,"y":0},"t":0,"s":[{"i":[[0.619,0.619],[0,0],[1.289,-1.287],[0,0],[0,-0.875],[-0.619,-0.619],[0,0],[0,0],[-1.288,-1.289],[-0.845,0],[-0.644,0.644],[0,0],[0,0],[-0.844,0],[-0.644,0.644],[0,0],[0,0.875]],"o":[[0,0],[-1.288,-1.288],[0,0],[-0.619,0.619],[0,0.875],[0,0],[0,0],[-1.288,1.288],[0.644,0.644],[0.844,0],[0,0],[0,0],[0.644,0.644],[0.844,0],[0,0],[0.619,-0.619],[0,-0.875]],"v":[[15.221,2.444],[-2.441,-15.22],[-7.107,-15.221],[-15.221,-7.109],[-16.188,-4.776],[-15.221,-2.443],[-8.479,4.298],[-9.865,5.684],[-9.866,10.349],[-7.533,11.316],[-5.2,10.35],[-3.814,8.964],[2.442,15.22],[4.775,16.186],[7.107,15.22],[15.221,7.109],[16.188,4.777]],"c":true}]},{"i":{"x":0.667,"y":1},"o":{"x":0.333,"y":0},"t":6,"s":[{"i":[[0.619,0.619],[0,0],[1.289,-1.287],[0,0],[0,-0.875],[-0.619,-0.619],[0,0],[0,0],[-1.288,-1.289],[-0.845,0],[-0.644,0.644],[0,0],[0,0],[-0.844,0],[-0.644,0.644],[0,0],[0,0.875]],"o":[[0,0],[-1.288,-1.288],[0,0],[-0.619,0.619],[0,0.875],[0,0],[0,0],[-1.288,1.288],[0.644,0.644],[0.844,0],[0,0],[0,0],[0.644,0.644],[0.844,0],[0,0],[0.619,-0.619],[0,-0.875]],"v":[[7.721,9.944],[-9.941,-7.72],[-14.607,-7.721],[-22.721,0.391],[-23.688,2.724],[-22.721,5.057],[-15.979,11.798],[-17.365,13.184],[-17.366,17.849],[-15.033,18.816],[-12.7,17.85],[-11.314,16.464],[-5.058,22.72],[-2.725,23.686],[-0.393,22.72],[7.721,14.609],[8.688,12.277]],"c":true}]},{"i":{"x":0.011,"y":1},"o":{"x":0.333,"y":0},"t":8,"s":[{"i":[[0.619,0.619],[0,0],[1.289,-1.287],[0,0],[0,-0.875],[-0.619,-0.619],[0,0],[0,0],[-1.288,-1.289],[-0.845,0],[-0.644,0.644],[0,0],[0,0],[-0.844,0],[-0.644,0.644],[0,0],[0,0.875]],"o":[[0,0],[-1.288,-1.288],[0,0],[-0.619,0.619],[0,0.875],[0,0],[0,0],[-1.288,1.288],[0.644,0.644],[0.844,0],[0,0],[0,0],[0.644,0.644],[0.844,0],[0,0],[0.619,-0.619],[0,-0.875]],"v":[[7.721,9.944],[-9.941,-7.72],[-14.607,-7.721],[-22.721,0.391],[-23.688,2.724],[-22.721,5.057],[-15.979,11.798],[-17.365,13.184],[-17.366,17.849],[-15.033,18.816],[-12.7,17.85],[-11.314,16.464],[-5.058,22.72],[-2.725,23.686],[-0.393,22.72],[7.721,14.609],[8.688,12.277]],"c":true}]},{"i":{"x":0.667,"y":1},"o":{"x":0.333,"y":0},"t":14,"s":[{"i":[[0.619,0.619],[0,0],[1.289,-1.287],[0,0],[0,-0.875],[-0.619,-0.619],[0,0],[0,0],[-1.288,-1.289],[-0.845,0],[-0.644,0.644],[0,0],[0,0],[-0.844,0],[-0.644,0.644],[0,0],[0,0.875]],"o":[[0,0],[-1.288,-1.288],[0,0],[-0.619,0.619],[0,0.875],[0,0],[0,0],[-1.288,1.288],[0.644,0.644],[0.844,0],[0,0],[0,0],[0.644,0.644],[0.844,0],[0,0],[0.619,-0.619],[0,-0.875]],"v":[[17.992,-0.45],[0.329,-18.113],[-4.337,-18.114],[-12.451,-10.003],[-13.417,-7.67],[-12.451,-5.336],[-5.709,1.405],[-9.865,5.684],[-9.866,10.349],[-7.533,11.316],[-5.2,10.35],[-1.044,6.07],[5.212,12.326],[7.545,13.292],[9.877,12.327],[17.991,4.216],[18.958,1.883]],"c":true}]},{"i":{"x":0.667,"y":1},"o":{"x":0.333,"y":0},"t":20,"s":[{"i":[[0.619,0.619],[0,0],[1.289,-1.287],[0,0],[0,-0.875],[-0.619,-0.619],[0,0],[0,0],[-1.288,-1.289],[-0.845,0],[-0.644,0.644],[0,0],[0,0],[-0.844,0],[-0.644,0.644],[0,0],[0,0.875]],"o":[[0,0],[-1.288,-1.288],[0,0],[-0.619,0.619],[0,0.875],[0,0],[0,0],[-1.288,1.288],[0.644,0.644],[0.844,0],[0,0],[0,0],[0.644,0.644],[0.844,0],[0,0],[0.619,-0.619],[0,-0.875]],"v":[[15.221,2.444],[-2.441,-15.22],[-7.107,-15.221],[-15.221,-7.109],[-16.188,-4.776],[-15.221,-2.443],[-8.479,4.298],[-9.865,5.684],[-9.866,10.349],[-7.533,11.316],[-5.2,10.35],[-3.814,8.964],[2.442,15.22],[4.775,16.186],[7.107,15.22],[15.221,7.109],[16.188,4.777]],"c":true}]},{"i":{"x":0.667,"y":1},"o":{"x":0.333,"y":0},"t":85,"s":[{"i":[[0.619,0.619],[0,0],[1.289,-1.287],[0,0],[0,-0.875],[-0.619,-0.619],[0,0],[0,0],[-1.288,-1.289],[-0.845,0],[-0.644,0.644],[0,0],[0,0],[-0.844,0],[-0.644,0.644],[0,0],[0,0.875]],"o":[[0,0],[-1.288,-1.288],[0,0],[-0.619,0.619],[0,0.875],[0,0],[0,0],[-1.288,1.288],[0.644,0.644],[0.844,0],[0,0],[0,0],[0.644,0.644],[0.844,0],[0,0],[0.619,-0.619],[0,-0.875]],"v":[[15.221,2.444],[-2.441,-15.22],[-7.107,-15.221],[-15.221,-7.109],[-16.188,-4.776],[-15.221,-2.443],[-8.479,4.298],[-9.865,5.684],[-9.866,10.349],[-7.533,11.316],[-5.2,10.35],[-3.814,8.964],[2.442,15.22],[4.775,16.186],[7.107,15.22],[15.221,7.109],[16.188,4.777]],"c":true}]},{"i":{"x":0.667,"y":1},"o":{"x":0.333,"y":0},"t":91,"s":[{"i":[[0.619,0.619],[0,0],[1.289,-1.287],[0,0],[0,-0.875],[-0.619,-0.619],[0,0],[0,0],[-1.288,-1.289],[-0.845,0],[-0.644,0.644],[0,0],[0,0],[-0.844,0],[-0.644,0.644],[0,0],[0,0.875]],"o":[[0,0],[-1.288,-1.288],[0,0],[-0.619,0.619],[0,0.875],[0,0],[0,0],[-1.288,1.288],[0.644,0.644],[0.844,0],[0,0],[0,0],[0.644,0.644],[0.844,0],[0,0],[0.619,-0.619],[0,-0.875]],"v":[[7.721,9.944],[-9.941,-7.72],[-14.607,-7.721],[-22.721,0.391],[-23.688,2.724],[-22.721,5.057],[-15.979,11.798],[-17.365,13.184],[-17.366,17.849],[-15.033,18.816],[-12.7,17.85],[-11.314,16.464],[-5.058,22.72],[-2.725,23.686],[-0.393,22.72],[7.721,14.609],[8.688,12.277]],"c":true}]},{"i":{"x":0.011,"y":1},"o":{"x":0.333,"y":0},"t":93,"s":[{"i":[[0.619,0.619],[0,0],[1.289,-1.287],[0,0],[0,-0.875],[-0.619,-0.619],[0,0],[0,0],[-1.288,-1.289],[-0.845,0],[-0.644,0.644],[0,0],[0,0],[-0.844,0],[-0.644,0.644],[0,0],[0,0.875]],"o":[[0,0],[-1.288,-1.288],[0,0],[-0.619,0.619],[0,0.875],[0,0],[0,0],[-1.288,1.288],[0.644,0.644],[0.844,0],[0,0],[0,0],[0.644,0.644],[0.844,0],[0,0],[0.619,-0.619],[0,-0.875]],"v":[[7.721,9.944],[-9.941,-7.72],[-14.607,-7.721],[-22.721,0.391],[-23.688,2.724],[-22.721,5.057],[-15.979,11.798],[-17.365,13.184],[-17.366,17.849],[-15.033,18.816],[-12.7,17.85],[-11.314,16.464],[-5.058,22.72],[-2.725,23.686],[-0.393,22.72],[7.721,14.609],[8.688,12.277]],"c":true}]},{"i":{"x":0.667,"y":1},"o":{"x":0.333,"y":0},"t":99,"s":[{"i":[[0.619,0.619],[0,0],[1.289,-1.287],[0,0],[0,-0.875],[-0.619,-0.619],[0,0],[0,0],[-1.288,-1.289],[-0.845,0],[-0.644,0.644],[0,0],[0,0],[-0.844,0],[-0.644,0.644],[0,0],[0,0.875]],"o":[[0,0],[-1.288,-1.288],[0,0],[-0.619,0.619],[0,0.875],[0,0],[0,0],[-1.288,1.288],[0.644,0.644],[0.844,0],[0,0],[0,0],[0.644,0.644],[0.844,0],[0,0],[0.619,-0.619],[0,-0.875]],"v":[[17.992,-0.45],[0.329,-18.113],[-4.337,-18.114],[-12.451,-10.003],[-13.417,-7.67],[-12.451,-5.336],[-5.709,1.405],[-9.865,5.684],[-9.866,10.349],[-7.533,11.316],[-5.2,10.35],[-1.044,6.07],[5.212,12.326],[7.545,13.292],[9.877,12.327],[17.991,4.216],[18.958,1.883]],"c":true}]},{"t":105,"s":[{"i":[[0.619,0.619],[0,0],[1.289,-1.287],[0,0],[0,-0.875],[-0.619,-0.619],[0,0],[0,0],[-1.288,-1.289],[-0.845,0],[-0.644,0.644],[0,0],[0,0],[-0.844,0],[-0.644,0.644],[0,0],[0,0.875]],"o":[[0,0],[-1.288,-1.288],[0,0],[-0.619,0.619],[0,0.875],[0,0],[0,0],[-1.288,1.288],[0.644,0.644],[0.844,0],[0,0],[0,0],[0.644,0.644],[0.844,0],[0,0],[0.619,-0.619],[0,-0.875]],"v":[[15.221,2.444],[-2.441,-15.22],[-7.107,-15.221],[-15.221,-7.109],[-16.188,-4.776],[-15.221,-2.443],[-8.479,4.298],[-9.865,5.684],[-9.866,10.349],[-7.533,11.316],[-5.2,10.35],[-3.814,8.964],[2.442,15.22],[4.775,16.186],[7.107,15.22],[15.221,7.109],[16.188,4.777]],"c":true}]}],"ix":2},"nm":"Path 1","mn":"ADBE Vector Shape - Group","hd":false},{"ty":"fl","c":{"a":0,"k":[0.949,0.298,0,1],"ix":4,"x":"var $bm_rt;\n$bm_rt = comp('wired-flat-46-timer-stopwatch').layer('control').effect('secondary')('Color');"},"o":{"a":0,"k":100,"ix":5},"r":1,"bm":0,"nm":".secondary","mn":"ADBE Vector Graphic - Fill","hd":false,"cl":"secondary"},{"ty":"tr","p":{"a":0,"k":[0,0],"ix":2},"a":{"a":0,"k":[0,0],"ix":1},"s":{"a":0,"k":[100,100],"ix":3},"r":{"a":0,"k":0,"ix":6},"o":{"a":0,"k":100,"ix":7},"sk":{"a":0,"k":0,"ix":4},"sa":{"a":0,"k":0,"ix":5},"nm":"Transform"}],"nm":"Group 1","np":2,"cix":2,"bm":0,"ix":1,"mn":"ADBE Vector Group","hd":false}],"ip":0,"op":300,"st":0,"ct":1,"bm":0}]},{"id":"comp_2","nm":"loop-spin","fr":60,"layers":[{"ddd":0,"ind":1,"ty":4,"nm":"Warstwa 5","parent":2,"sr":1,"ks":{"o":{"a":0,"k":100,"ix":11},"r":{"a":1,"k":[{"i":{"x":[0.833],"y":[0.833]},"o":{"x":[0.167],"y":[0.167]},"t":0,"s":[0]},{"t":60,"s":[360]}],"ix":10},"p":{"a":0,"k":[249.875,271.5,0],"ix":2,"l":2},"a":{"a":0,"k":[-0.124,27.588,0],"ix":1,"l":2},"s":{"a":0,"k":[100,100,100],"ix":6,"l":2}},"ao":0,"shapes":[{"ty":"gr","it":[{"ind":0,"ty":"sh","ix":1,"ks":{"a":0,"k":{"i":[[0,-0.411],[6.937,0],[-0.727,7.322],[0,0],[-0.357,-2.249],[0,0]],"o":[[0,6.783],[-7.356,0],[0,0],[0.357,-2.249],[0,0],[0.043,0.419]],"v":[[12.446,28.094],[0.001,40.513],[-12.384,26.845],[-1.974,-38.826],[1.977,-38.826],[12.386,26.845]],"c":true},"ix":2},"nm":"Path 1","mn":"ADBE Vector Shape - Group","hd":false},{"ty":"fl","c":{"a":0,"k":[0.949,0.298,0,1],"ix":4,"x":"var $bm_rt;\n$bm_rt = comp('wired-flat-46-timer-stopwatch').layer('control').effect('secondary')('Color');"},"o":{"a":0,"k":100,"ix":5},"r":1,"bm":0,"nm":".secondary","mn":"ADBE Vector Graphic - Fill","hd":false,"cl":"secondary"},{"ty":"tr","p":{"a":0,"k":[0,0],"ix":2},"a":{"a":0,"k":[0,0],"ix":1},"s":{"a":0,"k":[100,100],"ix":3},"r":{"a":0,"k":0,"ix":6},"o":{"a":0,"k":100,"ix":7},"sk":{"a":0,"k":0,"ix":4},"sa":{"a":0,"k":0,"ix":5},"nm":"Transform"}],"nm":"Group 1","np":2,"cix":2,"bm":0,"ix":1,"mn":"ADBE Vector Group","hd":false}],"ip":0,"op":300,"st":0,"ct":1,"bm":0},{"ddd":0,"ind":2,"ty":4,"nm":"Warstwa 4","sr":1,"ks":{"o":{"a":0,"k":100,"ix":11},"r":{"a":0,"k":0,"ix":10},"p":{"a":0,"k":[215.5,238.973,0],"ix":2,"l":2},"a":{"a":0,"k":[250,270.723,0],"ix":1,"l":2},"s":{"a":0,"k":[104,104,100],"ix":6,"l":2}},"ao":0,"shapes":[{"ty":"gr","it":[{"ty":"gr","it":[{"ind":0,"ty":"sh","ix":1,"ks":{"a":0,"k":{"i":[[0,0],[0,0]],"o":[[0,0],[0,0]],"v":[[-5.293,5.293],[5.293,-5.293]],"c":false},"ix":2},"nm":"Path 1","mn":"ADBE Vector Shape - Group","hd":false},{"ty":"st","c":{"a":0,"k":[0.227,0.2,0.278,1],"ix":3,"x":"var $bm_rt;\n$bm_rt = comp('wired-flat-46-timer-stopwatch').layer('control').effect('primary')('Color');"},"o":{"a":0,"k":100,"ix":4},"w":{"a":0,"k":7,"ix":5},"lc":2,"lj":2,"bm":0,"nm":".primary","mn":"ADBE Vector Graphic - Stroke","hd":false,"cl":"primary"},{"ty":"tr","p":{"a":0,"k":[174.137,346.586],"ix":2},"a":{"a":0,"k":[0,0],"ix":1},"s":{"a":0,"k":[100,100],"ix":3},"r":{"a":0,"k":0,"ix":6},"o":{"a":0,"k":100,"ix":7},"sk":{"a":0,"k":0,"ix":4},"sa":{"a":0,"k":0,"ix":5},"nm":"Transform"}],"nm":"Group 1","np":2,"cix":2,"bm":0,"ix":1,"mn":"ADBE Vector Group","hd":false},{"ty":"gr","it":[{"ind":0,"ty":"sh","ix":1,"ks":{"a":0,"k":{"i":[[0,0],[0,0]],"o":[[0,0],[0,0]],"v":[[-7.486,0],[7.486,0]],"c":false},"ix":2},"nm":"Path 1","mn":"ADBE Vector Shape - Group","hd":false},{"ty":"st","c":{"a":0,"k":[0.227,0.2,0.278,1],"ix":3,"x":"var $bm_rt;\n$bm_rt = comp('wired-flat-46-timer-stopwatch').layer('control').effect('primary')('Color');"},"o":{"a":0,"k":100,"ix":4},"w":{"a":0,"k":7,"ix":5},"lc":2,"lj":2,"bm":0,"nm":".primary","mn":"ADBE Vector Graphic - Stroke","hd":false,"cl":"primary"},{"ty":"tr","p":{"a":0,"k":[142.713,270.723],"ix":2},"a":{"a":0,"k":[0,0],"ix":1},"s":{"a":0,"k":[100,100],"ix":3},"r":{"a":0,"k":0,"ix":6},"o":{"a":0,"k":100,"ix":7},"sk":{"a":0,"k":0,"ix":4},"sa":{"a":0,"k":0,"ix":5},"nm":"Transform"}],"nm":"Group 2","np":2,"cix":2,"bm":0,"ix":2,"mn":"ADBE Vector Group","hd":false},{"ty":"gr","it":[{"ind":0,"ty":"sh","ix":1,"ks":{"a":0,"k":{"i":[[0,0],[0,0]],"o":[[0,0],[0,0]],"v":[[-5.293,-5.293],[5.293,5.293]],"c":false},"ix":2},"nm":"Path 1","mn":"ADBE Vector Shape - Group","hd":false},{"ty":"st","c":{"a":0,"k":[0.227,0.2,0.278,1],"ix":3,"x":"var $bm_rt;\n$bm_rt = comp('wired-flat-46-timer-stopwatch').layer('control').effect('primary')('Color');"},"o":{"a":0,"k":100,"ix":4},"w":{"a":0,"k":7,"ix":5},"lc":2,"lj":2,"bm":0,"nm":".primary","mn":"ADBE Vector Graphic - Stroke","hd":false,"cl":"primary"},{"ty":"tr","p":{"a":0,"k":[174.137,194.86],"ix":2},"a":{"a":0,"k":[0,0],"ix":1},"s":{"a":0,"k":[100,100],"ix":3},"r":{"a":0,"k":0,"ix":6},"o":{"a":0,"k":100,"ix":7},"sk":{"a":0,"k":0,"ix":4},"sa":{"a":0,"k":0,"ix":5},"nm":"Transform"}],"nm":"Group 3","np":2,"cix":2,"bm":0,"ix":3,"mn":"ADBE Vector Group","hd":false},{"ty":"gr","it":[{"ind":0,"ty":"sh","ix":1,"ks":{"a":0,"k":{"i":[[0,0],[0,0]],"o":[[0,0],[0,0]],"v":[[0,-7.486],[0,7.486]],"c":false},"ix":2},"nm":"Path 1","mn":"ADBE Vector Shape - Group","hd":false},{"ty":"st","c":{"a":0,"k":[0.227,0.2,0.278,1],"ix":3,"x":"var $bm_rt;\n$bm_rt = comp('wired-flat-46-timer-stopwatch').layer('control').effect('primary')('Color');"},"o":{"a":0,"k":100,"ix":4},"w":{"a":0,"k":7,"ix":5},"lc":2,"lj":2,"bm":0,"nm":".primary","mn":"ADBE Vector Graphic - Stroke","hd":false,"cl":"primary"},{"ty":"tr","p":{"a":0,"k":[250,163.436],"ix":2},"a":{"a":0,"k":[0,0],"ix":1},"s":{"a":0,"k":[100,100],"ix":3},"r":{"a":0,"k":0,"ix":6},"o":{"a":0,"k":100,"ix":7},"sk":{"a":0,"k":0,"ix":4},"sa":{"a":0,"k":0,"ix":5},"nm":"Transform"}],"nm":"Group 4","np":2,"cix":2,"bm":0,"ix":4,"mn":"ADBE Vector Group","hd":false},{"ty":"gr","it":[{"ind":0,"ty":"sh","ix":1,"ks":{"a":0,"k":{"i":[[0,0],[0,0]],"o":[[0,0],[0,0]],"v":[[5.293,-5.293],[-5.293,5.293]],"c":false},"ix":2},"nm":"Path 1","mn":"ADBE Vector Shape - Group","hd":false},{"ty":"st","c":{"a":0,"k":[0.227,0.2,0.278,1],"ix":3,"x":"var $bm_rt;\n$bm_rt = comp('wired-flat-46-timer-stopwatch').layer('control').effect('primary')('Color');"},"o":{"a":0,"k":100,"ix":4},"w":{"a":0,"k":7,"ix":5},"lc":2,"lj":2,"bm":0,"nm":".primary","mn":"ADBE Vector Graphic - Stroke","hd":false,"cl":"primary"},{"ty":"tr","p":{"a":0,"k":[325.863,194.86],"ix":2},"a":{"a":0,"k":[0,0],"ix":1},"s":{"a":0,"k":[100,100],"ix":3},"r":{"a":0,"k":0,"ix":6},"o":{"a":0,"k":100,"ix":7},"sk":{"a":0,"k":0,"ix":4},"sa":{"a":0,"k":0,"ix":5},"nm":"Transform"}],"nm":"Group 5","np":2,"cix":2,"bm":0,"ix":5,"mn":"ADBE Vector Group","hd":false},{"ty":"gr","it":[{"ind":0,"ty":"sh","ix":1,"ks":{"a":0,"k":{"i":[[0,0],[0,0]],"o":[[0,0],[0,0]],"v":[[7.486,0],[-7.486,0]],"c":false},"ix":2},"nm":"Path 1","mn":"ADBE Vector Shape - Group","hd":false},{"ty":"st","c":{"a":0,"k":[0.227,0.2,0.278,1],"ix":3,"x":"var $bm_rt;\n$bm_rt = comp('wired-flat-46-timer-stopwatch').layer('control').effect('primary')('Color');"},"o":{"a":0,"k":100,"ix":4},"w":{"a":0,"k":7,"ix":5},"lc":2,"lj":2,"bm":0,"nm":".primary","mn":"ADBE Vector Graphic - Stroke","hd":false,"cl":"primary"},{"ty":"tr","p":{"a":0,"k":[357.287,270.723],"ix":2},"a":{"a":0,"k":[0,0],"ix":1},"s":{"a":0,"k":[100,100],"ix":3},"r":{"a":0,"k":0,"ix":6},"o":{"a":0,"k":100,"ix":7},"sk":{"a":0,"k":0,"ix":4},"sa":{"a":0,"k":0,"ix":5},"nm":"Transform"}],"nm":"Group 6","np":2,"cix":2,"bm":0,"ix":6,"mn":"ADBE Vector Group","hd":false},{"ty":"gr","it":[{"ind":0,"ty":"sh","ix":1,"ks":{"a":0,"k":{"i":[[0,0],[0,0]],"o":[[0,0],[0,0]],"v":[[5.293,5.293],[-5.293,-5.293]],"c":false},"ix":2},"nm":"Path 1","mn":"ADBE Vector Shape - Group","hd":false},{"ty":"st","c":{"a":0,"k":[0.227,0.2,0.278,1],"ix":3,"x":"var $bm_rt;\n$bm_rt = comp('wired-flat-46-timer-stopwatch').layer('control').effect('primary')('Color');"},"o":{"a":0,"k":100,"ix":4},"w":{"a":0,"k":7,"ix":5},"lc":2,"lj":2,"bm":0,"nm":".primary","mn":"ADBE Vector Graphic - Stroke","hd":false,"cl":"primary"},{"ty":"tr","p":{"a":0,"k":[325.863,346.587],"ix":2},"a":{"a":0,"k":[0,0],"ix":1},"s":{"a":0,"k":[100,100],"ix":3},"r":{"a":0,"k":0,"ix":6},"o":{"a":0,"k":100,"ix":7},"sk":{"a":0,"k":0,"ix":4},"sa":{"a":0,"k":0,"ix":5},"nm":"Transform"}],"nm":"Group 7","np":2,"cix":2,"bm":0,"ix":7,"mn":"ADBE Vector Group","hd":false},{"ty":"gr","it":[{"ind":0,"ty":"sh","ix":1,"ks":{"a":0,"k":{"i":[[0,0],[0,0]],"o":[[0,0],[0,0]],"v":[[0,7.486],[0,-7.486]],"c":false},"ix":2},"nm":"Path 1","mn":"ADBE Vector Shape - Group","hd":false},{"ty":"st","c":{"a":0,"k":[0.227,0.2,0.278,1],"ix":3,"x":"var $bm_rt;\n$bm_rt = comp('wired-flat-46-timer-stopwatch').layer('control').effect('primary')('Color');"},"o":{"a":0,"k":100,"ix":4},"w":{"a":0,"k":7,"ix":5},"lc":2,"lj":2,"bm":0,"nm":".primary","mn":"ADBE Vector Graphic - Stroke","hd":false,"cl":"primary"},{"ty":"tr","p":{"a":0,"k":[250,378.01],"ix":2},"a":{"a":0,"k":[0,0],"ix":1},"s":{"a":0,"k":[100,100],"ix":3},"r":{"a":0,"k":0,"ix":6},"o":{"a":0,"k":100,"ix":7},"sk":{"a":0,"k":0,"ix":4},"sa":{"a":0,"k":0,"ix":5},"nm":"Transform"}],"nm":"Group 8","np":2,"cix":2,"bm":0,"ix":8,"mn":"ADBE Vector Group","hd":false},{"ty":"tr","p":{"a":0,"k":[250,378.01],"ix":2},"a":{"a":0,"k":[250,378.01],"ix":1},"s":{"a":0,"k":[100,100],"ix":3},"r":{"a":0,"k":0,"ix":6},"o":{"a":0,"k":100,"ix":7},"sk":{"a":0,"k":0,"ix":4},"sa":{"a":0,"k":0,"ix":5},"nm":"Transform"}],"nm":"Group 1","np":8,"cix":2,"bm":0,"ix":1,"mn":"ADBE Vector Group","hd":false},{"ty":"gr","it":[{"ind":0,"ty":"sh","ix":1,"ks":{"a":0,"k":{"i":[[0,0],[0,0],[0,-2.209],[0,0],[-2.209,0],[0,0]],"o":[[0,0],[-2.209,0],[0,0],[0,2.209],[0,0],[0,0]],"v":[[11.475,-21.254],[-12.087,-21.254],[-16.087,-17.254],[-16.087,-2.201],[-12.087,1.799],[11.475,1.799]],"c":true},"ix":2},"nm":"Path 1","mn":"ADBE Vector Shape - Group","hd":false},{"ty":"fl","c":{"a":0,"k":[0.949,0.298,0,1],"ix":4,"x":"var $bm_rt;\n$bm_rt = comp('wired-flat-46-timer-stopwatch').layer('control').effect('secondary')('Color');"},"o":{"a":0,"k":100,"ix":5},"r":1,"bm":0,"nm":".secondary","mn":"ADBE Vector Graphic - Fill","hd":false,"cl":"secondary"},{"ty":"tr","p":{"a":0,"k":[215.574,100.874],"ix":2},"a":{"a":0,"k":[0,0],"ix":1},"s":{"a":0,"k":[100,100],"ix":3},"r":{"a":0,"k":0,"ix":6},"o":{"a":0,"k":50,"ix":7},"sk":{"a":0,"k":0,"ix":4},"sa":{"a":0,"k":0,"ix":5},"nm":"Transform"}],"nm":"Group 2","np":2,"cix":2,"bm":1,"ix":2,"mn":"ADBE Vector Group","hd":false},{"ty":"gr","it":[{"ind":0,"ty":"sh","ix":1,"ks":{"a":0,"k":{"i":[[-21.55,15.54],[1.64,-1.64],[31.76,0],[24.19,24.18],[-48.37,48.37],[-5.35,3.84],[-46.73,-46.73],[-31.77,0]],"o":[[-1.52,1.71],[-24.18,24.18],[-31.77,0],[-48.37,-48.37],[4.8,-4.8],[-43.56,48.65],[24.19,24.18],[25.45,0]],"v":[[108.234,71.045],[103.484,76.075],[15.764,112.345],[-71.956,76.075],[-71.956,-99.375],[-56.706,-112.345],[-51.956,58.075],[35.764,94.345]],"c":true},"ix":2},"nm":"Path 1","mn":"ADBE Vector Shape - Group","hd":false},{"ty":"fl","c":{"a":0,"k":[0.922,0.902,0.937,1],"ix":4,"x":"var $bm_rt;\n$bm_rt = comp('wired-flat-46-timer-stopwatch').layer('control').effect('tertiary')('Color');"},"o":{"a":0,"k":100,"ix":5},"r":1,"bm":0,"nm":".tertiary","mn":"ADBE Vector Graphic - Fill","hd":false,"cl":"tertiary"},{"ty":"tr","p":{"a":0,"k":[234.236,282.375],"ix":2},"a":{"a":0,"k":[0,0],"ix":1},"s":{"a":0,"k":[100,100],"ix":3},"r":{"a":0,"k":0,"ix":6},"o":{"a":0,"k":50,"ix":7},"sk":{"a":0,"k":0,"ix":4},"sa":{"a":0,"k":0,"ix":5},"nm":"Transform"}],"nm":"Group 3","np":2,"cix":2,"bm":1,"ix":3,"mn":"ADBE Vector Group","hd":false},{"ty":"gr","it":[{"ind":0,"ty":"sh","ix":1,"ks":{"a":0,"k":{"i":[[48.37,48.371],[48.371,-48.371],[-48.37,-48.371],[-31.772,0],[-24.182,24.182],[0,0]],"o":[[-48.371,-48.37],[-48.37,48.37],[24.188,24.188],[31.765,0],[0,0],[48.37,-48.371]],"v":[[87.722,-87.723],[-87.723,-87.722],[-87.723,87.723],[0,124],[87.722,87.723],[87.723,87.723]],"c":true},"ix":2},"nm":"Path 1","mn":"ADBE Vector Shape - Group","hd":false},{"ty":"fl","c":{"a":0,"k":[0.922,0.902,0.937,1],"ix":4,"x":"var $bm_rt;\n$bm_rt = comp('wired-flat-46-timer-stopwatch').layer('control').effect('tertiary')('Color');"},"o":{"a":0,"k":100,"ix":5},"r":1,"bm":0,"nm":".tertiary","mn":"ADBE Vector Graphic - Fill","hd":false,"cl":"tertiary"},{"ty":"tr","p":{"a":0,"k":[250,270.723],"ix":2},"a":{"a":0,"k":[0,0],"ix":1},"s":{"a":0,"k":[100,100],"ix":3},"r":{"a":0,"k":0,"ix":6},"o":{"a":0,"k":100,"ix":7},"sk":{"a":0,"k":0,"ix":4},"sa":{"a":0,"k":0,"ix":5},"nm":"Transform"}],"nm":"Group 4","np":2,"cix":2,"bm":0,"ix":4,"mn":"ADBE Vector Group","hd":false},{"ty":"gr","it":[{"ind":0,"ty":"sh","ix":1,"ks":{"a":0,"k":{"i":[[2.209,0],[0,0],[0,-2.209],[0,0],[-2.209,0],[0,0],[0,2.209],[0,0]],"o":[[0,0],[-2.209,0],[0,0],[0,2.209],[0,0],[2.209,0],[0,0],[0,-2.209]],"v":[[46.755,-21.19],[-46.512,-21.19],[-50.512,-17.19],[-50.512,-2.264],[-46.512,1.736],[46.755,1.736],[50.755,-2.264],[50.755,-17.19]],"c":true},"ix":2},"nm":"Path 1","mn":"ADBE Vector Shape - Group","hd":false},{"ty":"fl","c":{"a":0,"k":[0.949,0.298,0,1],"ix":4,"x":"var $bm_rt;\n$bm_rt = comp('wired-flat-46-timer-stopwatch').layer('control').effect('secondary')('Color');"},"o":{"a":0,"k":100,"ix":5},"r":1,"bm":0,"nm":".secondary","mn":"ADBE Vector Graphic - Fill","hd":false,"cl":"secondary"},{"ty":"tr","p":{"a":0,"k":[250,100.81],"ix":2},"a":{"a":0,"k":[0,0],"ix":1},"s":{"a":0,"k":[100,100],"ix":3},"r":{"a":0,"k":0,"ix":6},"o":{"a":0,"k":100,"ix":7},"sk":{"a":0,"k":0,"ix":4},"sa":{"a":0,"k":0,"ix":5},"nm":"Transform"}],"nm":"Group 5","np":2,"cix":2,"bm":0,"ix":5,"mn":"ADBE Vector Group","hd":false},{"ty":"gr","it":[{"ind":0,"ty":"sh","ix":1,"ks":{"a":0,"k":{"i":[[54.584,54.584],[54.584,-54.584],[-54.584,-54.584],[-35.854,0],[-27.289,27.289],[0,0]],"o":[[-54.584,-54.584],[-54.584,54.584],[27.295,27.295],[35.846,0],[0,0],[54.584,-54.584]],"v":[[98.992,-98.992],[-98.992,-98.991],[-98.992,98.992],[0,139.93],[98.992,98.992],[98.992,98.992]],"c":true},"ix":2},"nm":"Path 1","mn":"ADBE Vector Shape - Group","hd":false},{"ty":"fl","c":{"a":0,"k":[0.227,0.2,0.278,1],"ix":4,"x":"var $bm_rt;\n$bm_rt = comp('wired-flat-46-timer-stopwatch').layer('control').effect('primary')('Color');"},"o":{"a":0,"k":100,"ix":5},"r":1,"bm":0,"nm":".primary","mn":"ADBE Vector Graphic - Fill","hd":false,"cl":"primary"},{"ty":"tr","p":{"a":0,"k":[250,270.723],"ix":2},"a":{"a":0,"k":[0,0],"ix":1},"s":{"a":0,"k":[100,100],"ix":3},"r":{"a":0,"k":0,"ix":6},"o":{"a":0,"k":100,"ix":7},"sk":{"a":0,"k":0,"ix":4},"sa":{"a":0,"k":0,"ix":5},"nm":"Transform"}],"nm":"Group 6","np":2,"cix":2,"bm":0,"ix":6,"mn":"ADBE Vector Group","hd":false},{"ty":"gr","it":[{"ind":0,"ty":"sh","ix":1,"ks":{"a":0,"k":{"i":[[0,0],[0,0],[0,0],[0,0]],"o":[[0,0],[0,0],[0,0],[0,0]],"v":[[11.475,-22.19],[-11.475,-22.19],[-11.475,12.462],[11.475,12.462]],"c":true},"ix":2},"nm":"Path 1","mn":"ADBE Vector Shape - Group","hd":false},{"ty":"fl","c":{"a":0,"k":[0.949,0.298,0,1],"ix":4,"x":"var $bm_rt;\n$bm_rt = comp('wired-flat-46-timer-stopwatch').layer('control').effect('secondary')('Color');"},"o":{"a":0,"k":100,"ix":5},"r":1,"bm":0,"nm":".secondary","mn":"ADBE Vector Graphic - Fill","hd":false,"cl":"secondary"},{"ty":"tr","p":{"a":0,"k":[238.525,124.863],"ix":2},"a":{"a":0,"k":[0,0],"ix":1},"s":{"a":0,"k":[100,100],"ix":3},"r":{"a":0,"k":0,"ix":6},"o":{"a":0,"k":50,"ix":7},"sk":{"a":0,"k":0,"ix":4},"sa":{"a":0,"k":0,"ix":5},"nm":"Transform"}],"nm":"Group 7","np":2,"cix":2,"bm":1,"ix":7,"mn":"ADBE Vector Group","hd":false},{"ty":"gr","it":[{"ind":0,"ty":"sh","ix":1,"ks":{"a":0,"k":{"i":[[0,0],[0,0],[0,0],[0,0]],"o":[[0,0],[0,0],[0,0],[0,0]],"v":[[22.95,-23.693],[-22.95,-23.693],[-22.95,13.966],[22.95,13.966]],"c":true},"ix":2},"nm":"Path 1","mn":"ADBE Vector Shape - Group","hd":false},{"ty":"fl","c":{"a":0,"k":[0.949,0.298,0,1],"ix":4,"x":"var $bm_rt;\n$bm_rt = comp('wired-flat-46-timer-stopwatch').layer('control').effect('secondary')('Color');"},"o":{"a":0,"k":100,"ix":5},"r":1,"bm":0,"nm":".secondary","mn":"ADBE Vector Graphic - Fill","hd":false,"cl":"secondary"},{"ty":"tr","p":{"a":0,"k":[250,123.36],"ix":2},"a":{"a":0,"k":[0,0],"ix":1},"s":{"a":0,"k":[100,100],"ix":3},"r":{"a":0,"k":0,"ix":6},"o":{"a":0,"k":100,"ix":7},"sk":{"a":0,"k":0,"ix":4},"sa":{"a":0,"k":0,"ix":5},"nm":"Transform"}],"nm":"Group 8","np":2,"cix":2,"bm":0,"ix":8,"mn":"ADBE Vector Group","hd":false}],"ip":0,"op":300,"st":0,"ct":1,"bm":0},{"ddd":0,"ind":3,"ty":4,"nm":"Warstwa 3","parent":2,"sr":1,"ks":{"o":{"a":0,"k":100,"ix":11},"r":{"a":0,"k":0,"ix":10},"p":{"a":0,"k":[354.311,165.928,0],"ix":2,"l":2},"a":{"a":0,"k":[0,0,0],"ix":1,"l":2},"s":{"a":0,"k":[100,100,100],"ix":6,"l":2}},"ao":0,"shapes":[{"ty":"gr","it":[{"ind":0,"ty":"sh","ix":1,"ks":{"a":0,"k":{"i":[[0.619,0.619],[0,0],[1.289,-1.287],[0,0],[0,-0.875],[-0.619,-0.619],[0,0],[0,0],[-1.288,-1.289],[-0.845,0],[-0.644,0.644],[0,0],[0,0],[-0.844,0],[-0.644,0.644],[0,0],[0,0.875]],"o":[[0,0],[-1.288,-1.288],[0,0],[-0.619,0.619],[0,0.875],[0,0],[0,0],[-1.288,1.288],[0.644,0.644],[0.844,0],[0,0],[0,0],[0.644,0.644],[0.844,0],[0,0],[0.619,-0.619],[0,-0.875]],"v":[[15.221,2.444],[-2.441,-15.22],[-7.107,-15.221],[-15.221,-7.109],[-16.188,-4.776],[-15.221,-2.443],[-8.479,4.298],[-9.865,5.684],[-9.866,10.349],[-7.533,11.316],[-5.2,10.35],[-3.814,8.964],[2.442,15.22],[4.775,16.186],[7.107,15.22],[15.221,7.109],[16.188,4.777]],"c":true},"ix":2},"nm":"Path 1","mn":"ADBE Vector Shape - Group","hd":false},{"ty":"fl","c":{"a":0,"k":[0.949,0.298,0,1],"ix":4,"x":"var $bm_rt;\n$bm_rt = comp('wired-flat-46-timer-stopwatch').layer('control').effect('secondary')('Color');"},"o":{"a":0,"k":100,"ix":5},"r":1,"bm":0,"nm":".secondary","mn":"ADBE Vector Graphic - Fill","hd":false,"cl":"secondary"},{"ty":"tr","p":{"a":0,"k":[0,0],"ix":2},"a":{"a":0,"k":[0,0],"ix":1},"s":{"a":0,"k":[100,100],"ix":3},"r":{"a":0,"k":0,"ix":6},"o":{"a":0,"k":100,"ix":7},"sk":{"a":0,"k":0,"ix":4},"sa":{"a":0,"k":0,"ix":5},"nm":"Transform"}],"nm":"Group 1","np":2,"cix":2,"bm":0,"ix":1,"mn":"ADBE Vector Group","hd":false}],"ip":0,"op":300,"st":0,"ct":1,"bm":0}]}],"layers":[{"ddd":0,"ind":1,"ty":3,"nm":"control","sr":1,"ks":{"o":{"a":0,"k":0,"ix":11},"r":{"a":0,"k":0,"ix":10},"p":{"a":0,"k":[0,0],"ix":2,"l":2},"a":{"a":0,"k":[0,0,0],"ix":1,"l":2},"s":{"a":0,"k":[100,100,100],"ix":6,"l":2}},"ao":0,"ef":[{"ty":5,"nm":"primary","np":3,"mn":"ADBE Color Control","ix":1,"en":1,"ef":[{"ty":2,"nm":"Color","mn":"ADBE Color Control-0001","ix":1,"v":{"a":0,"k":[0.227,0.2,0.278],"ix":1}}]},{"ty":5,"nm":"secondary","np":3,"mn":"ADBE Color Control","ix":2,"en":1,"ef":[{"ty":2,"nm":"Color","mn":"ADBE Color Control-0001","ix":1,"v":{"a":0,"k":[0.949,0.298,0],"ix":1}}]},{"ty":5,"nm":"tertiary","np":3,"mn":"ADBE Color Control","ix":3,"en":1,"ef":[{"ty":2,"nm":"Color","mn":"ADBE Color Control-0001","ix":1,"v":{"a":0,"k":[0.922,0.902,0.937],"ix":1}}]}],"ip":0,"op":291,"st":0,"bm":0},{"ddd":0,"ind":2,"ty":0,"nm":"in-reveal","refId":"comp_0","sr":1,"ks":{"o":{"a":0,"k":100,"ix":11},"r":{"a":0,"k":0,"ix":10},"p":{"a":0,"k":[215,215,0],"ix":2,"l":2},"a":{"a":0,"k":[215,215,0],"ix":1,"l":2},"s":{"a":0,"k":[100,100,100],"ix":6,"l":2}},"ao":0,"w":430,"h":430,"ip":0,"op":100,"st":0,"bm":0},{"ddd":0,"ind":3,"ty":0,"nm":"hover-start","refId":"comp_1","sr":1,"ks":{"o":{"a":0,"k":100,"ix":11},"r":{"a":0,"k":0,"ix":10},"p":{"a":0,"k":[215,215,0],"ix":2,"l":2},"a":{"a":0,"k":[215,215,0],"ix":1,"l":2},"s":{"a":0,"k":[100,100,100],"ix":6,"l":2}},"ao":0,"w":430,"h":430,"ip":100,"op":230,"st":100,"bm":0},{"ddd":0,"ind":4,"ty":0,"nm":"loop-spin","refId":"comp_2","sr":1,"ks":{"o":{"a":0,"k":100,"ix":11},"r":{"a":0,"k":0,"ix":10},"p":{"a":0,"k":[215,215,0],"ix":2,"l":2},"a":{"a":0,"k":[215,215,0],"ix":1,"l":2},"s":{"a":0,"k":[100,100,100],"ix":6,"l":2}},"ao":0,"w":430,"h":430,"ip":230,"op":300,"st":230,"bm":0}],"markers":[{"tm":0,"cm":"in-reveal","dr":90},{"tm":100,"cm":"default:hover-start","dr":120},{"tm":230,"cm":"loop-spin","dr":60}],"props":{}}